能源经济,本专业将能源和经济结合起来，包括能源的战略选择、能源的融资、能源的预测、能源企业的组织形式等，以能源为研究对象，涉及到经济管理方面的内容；主要学习能源经济及其运行管理方面的基本知识和方法，熟悉能源经济运行规律和能源政策法规，熟练掌握现代能源经济分析方法及管理技能；能在能源企业、政府能源管理部门、能源交易及中介组织、教学及研究机构等单位和部门从事能源预警预测分析、能源政策研究、能源管理等工作。
汉语言,本专业培养能够从事语言文字教学与研究工作或与此专业相关工作的专门人才。通过本专业的学习，使学生具有坚实宽厚的文史哲基础知识和理论，扎实的语言学理论基础和汉语及汉语史知识，一定的语言分析能力，较强的写作能力，古籍阅读能力和外语能力。
会展经济与管理,本专业培养掌握经济、管理、法律等基础理论和会展管理专业理论，熟练掌握外语和计算机等工具，能在政府相关职能部门、行业协会、研究机构从事会展政策、法规、管理等相关研究、管理工作，在各类会展企业从事展览、会议、节庆、演出、比赛及相关大型活动策划和产品管理、营销、服务等工作，从事企业、产品形象及经营理念策划、展示、推广的高素质应用型会展经济与管理专业人才；毕业生具有扎实的会展基础知识和较高的会展业务水平，较强的外语水平，能在会展公司、会展中心、各类展览场馆、博览会、广告公司、旅行社、旅游公司、酒店、外贸公司、媒体传播机构、庆典公司、经贸行政管理部门等相关企事业单位从事会展策划与管理工作。
电子信息科学与技术,本专业是一个电子技术和计算机技术相结合、软硬件技术相结合、宽口径、主要面向未来信息产业人才市场的专业，要求学生具备过硬的理论知识，熟练地掌握电路设计软件和电子器件的使用，具备较强的光机电一体化技术和实际技术能力，以及将理论知识灵活运用于实践的能力；该专业旨在培养该领域内从事电子与通信领域相应的新产品、新技术的研究，电子系统、信息系统等的设计、开发等方面工作的高级工程技术人才。
边防管理,本专业要求学生熟练掌握边防管理学的基本理论与方法，具备从事国（边）境出入管理、缉私、缉毒案件侦查等工作的基本技能；熟悉边防管理工作的各项法律、法规；了解边防管理的理论动态、边防工作的实际情况以及其他国家的边防管理的情况；熟练掌握各项警务技能（边防战术、勤务、擒拿格斗、射击、驾驶技能）；具有良好的身体素质；具有较强的思维能力、决策能力、解决问题的能力；具有较强语言表达能力、写作能力、外事交往能力；具有严格的组织纪律性、强烈的国家荣誉感、高尚的道德品质；有较强的计算机应用能力，能在相关部门从事边防管理、刑事执法及社会服务等实务工作和理论研究。
电信工程及管理,电信工程及管理专业是面向信息行业、宽口径的交叉学科。本专业根据现代信息社会需求，培养既具有通信技术、通信系统和信息网方面的基础知识，又具备管理理论基础知识，能在通信领域中从事运营、管理，能开拓国际市场的高素质复合型人才。本专业学生主要学习通信系统和通信网方面的基础理论、组成原理和设计方法，获得通信工程的基本训练，同时学习网络协议、企业管理等相关领域的专业基础知识，具备从事现代通信系统和网络的设计、运营、管理及市场开拓能力。
空间信息与数字技术,空间信息与数字技术是一门集信息科学、空间科学、计算机科学、管理学等多门学科为一体的交叉学科。本专业培养适应经济与社会发展需求的，具备数字行业/区域/城市、空间信息技术等领域专业知识的综合、应用型高级人才；学生通过四年的系统培养，具有扎实的软件工程基础、通信及计算机技术、空间决策方法等复合知识结构，掌握大型数字工程设计和管理能力，能从事该领域的科学研究、技术开发、工程应用、信息服务和管理等工作。该专业毕业生具有深厚的空间信息基础理论和专业知识、扎实的计算机能力，可从事当前日益突出的具有空间信息行业特色的科学研究工作和工程技术工作。
生态学,生态学专业是一门新兴的、多学科交叉渗透形成的、与人类、生物生存、现代工业发展和城市建设息息相关的前沿学科；本专业培养具备生态学基本理论、基础知识和基本技能，能在科研机构、企事业单位和行政部门从事工业生态、城市生态和普通生态等生态规划、研究、建设、改造和管理的高级专门人才。学生主要学习生态学方面的基本理论、基本知识,受到基础研究和应用基础研究的科学思维和科学实验训练,具有较好的科学素养,掌握现代生态学理论和计算机模拟等实验技能,初步具备教学、研究、开发和管理能力。
水土保持与荒漠化防治,本专业毕业生具备生物学、生态学、森林及草场培育学、环境科学与工程、水利工程等方面的知识。主要学习生物学、生态学、地学、森林及草场培育学、环境科学及工程、水利工程等方面的基本理论和基本知识，受到水土保持与荒漠化防治、生物措施、工程措施的规划、设计、施工、管理的基本训练，具有水土流失与荒漠化的监测、防治及森林生态环境建设等方面的基本能力。
音乐学,本专业的学生主要学习音乐学的基本理论，中国音乐史、外国音乐史以及其他适应音乐工作所具备的音乐技术理论，具有一定的音乐实践、研究、评论能力。具有从事各种与音乐有关的文字工作能力，音响编辑能力；了解党和国家的文艺方针、政策和法规；了解本专业及相关学科的发展动态；掌握文献检查、资料查询的基本方法，具有一定的科学研究和实际工作能力。
文化产业管理,本专业方向面向文化产业领域、影视制作公司、电视台和相关媒体机构，培养具有良好的影视艺术创作基础、较强的经营管理能力的影视剧及电视栏目制片人，培养从事影视制片、媒体管理、策划、组织、协调、项目运作、受众研究等方面工作的复合型高级专门人才；学生应学习和掌握文化学、经济学、管理学等相关基本知识、理论和专业技能；具有文化产业投融资、文化企业经营管理、创意策划等多方面的基础理论与业务技能，熟知国际文化产业管理的理念与运营模式，具备有效介入我国文化产业并与国际接轨、参与国际文化产业竞争的基本素养；具有扎实的文化功底，掌握文化规律，具有某一方面较突出的文化技能；熟练掌握本专业外语，具有外语交际能力；能熟练使用计算机从事业务工作。
广播电视编导,本专业根据广播电视事业未来发展的趋势，针对广播电视及其他媒体机构、影视节目制作公司的需要，培养具有广播电视节目策划、创作、制作等方面的专业知识，具备较高的政治水平、理论修养和艺术鉴赏等能力，能从事广播电视节目编导、电视摄像、采访、撰稿、编辑、制作等工作的广播电视艺术类的应用型专业人才。
工艺美术,本专业将手工艺传统理论与当代实践相结合，主要培养现代装饰艺术的高级专门人才，不仅能系统掌握工艺美术的理论知识和设计制作的基本能力，熟悉相关专业发展演进的历史、现状和发展趋势，而且能独立完成各种材料的设计任务，从事各种传统与现代工艺美术品设计制作以及相关教学与研究，达成传统与现代的完美融合。
文物保护技术,本专业教特点是文、理科交叉与理、工科渗透，现代科学技术与人文科学知识相结合；既掌握数理化等学科的基本知识和历史、文物考古的一般知识，又掌握文物保护材料应用、文物材质分析和文物保护修复等实际操作技能；旨在培养能在文物考古、博物馆、文物管理机构从事文物保护与科学研究工作的专门人才。
行政管理,本专业立足公共管理学科,培养具有行政学、管理学、经济学、法学、传播学等方面的基本理论及相应专业知识,具有一定的理论研究素养和实际工作能力,能在党和国家机关、企事业单位、社会团体和媒体管理部门从事政策咨询和分析、组织人事管理、机关管理和文秘等行政管理工作的专门人才。；学生主要学习行政学、政治学、管理学、法学等方面的基本理论和基本知识，受到行政学理论研究、公共政策分析、社会调查与统计、外语、公文写作和办公自动化等方面的基本训练，具备行政管理的基本能力及科研的初步能力。
播音与主持艺术,本专业面向广播影视媒体及相关机构，培养具备中国播音学、新闻传播学、中国语言文学、哲学美学、艺术学等多学科知识与能力，从事广播电视普通话新闻播音主持及新闻报道、专题播音主持、文艺节目主持、体育评论解说、影视配音及演播，以及播音主持教学与研究工作的复合型语言传播精英人才。
保险学,本专业培训学生系统学习和掌握经济学、金融学基础理论与基本知识，具有统计学、会计学和民商法基础，全面深入了解风险管理理论，熟悉保险运作、保险运营、保险规划和保险监管，能胜任风险分析与管理、保险产品开发、保险经营管理、保险监管等工作，以及学校、科研单位教学与研究等工作。
放射医学,本专业培养从事放射医学及放射病诊治、防护、核医学及医学影像等工作的临床医师；要求学生掌握包括基础医学、临床医学、放射医学的基础知识；用放射诊断、核素诊断、影像诊断等各种诊断技术进行疾病诊断，并掌握其基本理论、方法和技能；应用Y射线、深部x射线、放射性核素等各种射线进行诊断及放射治疗，并掌握其基本理论、方法和技能；放射损伤及放射病的诊治技术；放射防护的基本理论、方法和技能；医学科学研究的初步能力；毕业后能够从事放射医学及防护、放射病诊断治疗、核医学和医学影像诊断等工作。
飞行器制造工程,本专业培养从事飞行器制造领域内的设计、制造、研究、开发与管理的高级工程技术和管理人才；学生主要学习自然科学基础知识、制造工程基本理论和飞行器制造的基本理论和知识。并通过各种实践性教学环节，培养学生运用所学的基本知识和技能，分析和解决飞行器制造工程中实际问题的能力。
服装设计与工程,本专业培养从事服装产品设计与开发、服装生产技术、服装企业管理、服装贸易以及服装科学研究与教学的高级技术和管理人才；学生主要学习和掌握服装设计与生产方面的专业知识和技能，通过服装设计基础、服装结构设计、服装产品设计等教学环节，培养学生服装产品创新设计的基本素质和技能；通过服装生产工艺与设备、服装CAD技术与应用、服装生产管理、服装制作工艺等教学环节，使学生掌握服装工业生产的技术及技术管理知识；通过学习服装外贸实务、服装市场营销、服装零售学等课程，使学生了解服装市场营销的基本规律和运作方式。
广播电视学,本专业培养从事广播电视学工作的高级应用型人才和从事广播电视学研究的较高层次专门人才；要求学生具备扎实的广播电视学、大众传播学专业基础知识和专业技能，具备较广博的科学文化知识和较深厚人文底蕴，能够从事并胜任广播、电视行业采、写、编、播、摄录、评论、主持、策划等各项工作以及其他新闻部门工作。
矿物加工工程,本专业培养从事矿物(金属、非金属、煤炭)分选、矿物材料加工和矿产资源综合利用等领域内的高级工程技术人才，学生主要学习物理化学、流体力学、矿物学、选矿学、矿物材料，以及化工原理、环境保护等方面的基础理论和专业知识，受到实验研究、工程设计、生产管理、计算机应用等方面的基本训练，能够承担矿物原料的分析检测、选矿（选煤）工艺、选矿（选煤）厂设计、矿物材料加工利用、资源综合利用和环境保护等方面的科学研究和专门技术工作。
动物医学,本专业培养德、智、体、美全面发展，具备小动物疾病防治、牧场兽医、兽医公共卫生、兽医医学等方面的基本理论、基本知识和基本技能，能在兽医业务部门、各级政府机关和行政事业单位、动物生产单位等从事兽医临床、防疫检疫、教学、科研、生产经营、行政管理、产品开发营销、机关公务员等方面工作的高素质创新型应用技术人才和创新型拔尖人才。要求学生通过学习基础兽医学、预防兽医学和临床兽医学的基本理论和基本知识，了解动物机体正常和异常结构及功能，掌握疾病预防、诊断、治疗的基本技术，掌握动物保健、临床诊疗、动物防疫检疫和兽医公共卫生管理方面的基本知识。
农业工程,本专业培养德、智、体全面发展，具有现代科学技术知识和工程实践能力的农业工程科学研究、农业机械装备及相关产品设计开发、农业设施与环境、农业资源开发与利用、现代农业生产技术集成与管理、自动控制与检测等方面的高素质复合型高级工程技术人才和创新型人才；要求学生系统地接受自然科学基础理论和农业工程技术基本训练，掌握较宽的生物生产系统、农业工程机具装备、农业设施与环境、信息与自动化技术以及农业工程项目规划设计与管理等知识，具有宽广知识结构、良好的素质和系统综合能力，适应现代科技发展，特别是农业工程领域技术集成与创新的需求。
救助与打捞工程,本专业培养德、智、体全面发展，了解救助与打捞相关的法律法规，掌握先进的救捞技术及专业技能，熟悉现代化的救捞设备，能在交通运输部所属的救助打捞系统、各类海洋工程公司、救助打捞装备研究、设计及制造的研究所、设计所、企业以及救助打捞技术培训的教育机构从事设计、研究、制造、检验、指挥、管理及实施等工作的高级工程技术人才。
建筑电气与智能化,本专业培养的是能够在建筑行业从事建筑电气和智能化领域的设计、安装、调试、运行、监理和管理等方面的工作，具有创新精神和实践能力，并具有较强工程能力的高素质实用型人才。要求学生系统掌握建筑电气与智能化领域的基础理论、基本知识和基本技能，教学以建筑物内的相关设备为对象，以智能建筑的规划、设计、施工、管理为特色；强弱电结合；建筑设备和智能化技术结合，注重学生的研究开发、工程设计及工程应用能力的培养，并突出电气工程与自动化技术在建筑领域中的应用。
录音艺术,本专业培养的学生要求具有较高的艺术素质和修养，具备深厚的音乐功底，熟知各种录音设备，同时又掌握一定的录音理论及技巧，能在广播、电视、电影系统和文化艺术部门从事声音(音响)设计、录制的高级专门人才；学生主要学习音乐、广播、电影、电视录音等方面的基本理论和基本知识，受到声音录制、艺术处理等方面的基本训练，掌握声音(音响)设计、音频节目制作、艺术处理的基本能力。
轮机工程,本专业培养符合国家教育方针和国际国内相关法规要求，综合素质好、安全与环保意识强、具有国际竞争能力的高级航海人才；学生通过学习可以掌握车、钳、焊、电的基本工艺和操作技能；掌握船舶主机、辅机基本性能试验和检测能力；通过国家主管机关的考试和评估，可以获得熟悉和基本安全、精通救生艇筏、高级消防、精通急救等专业合格证书及值班机工、甲类一等三管轮适任证书。
旅游管理,本专业培养符合市场经济与国内、国际旅游发展需要的具有经济、管理、行政及相关学科知识和能力，掌握旅游管理理论知识和方法，具有旅游开发实际问题能力，能在各级旅游行政部门和企事业单位从事饭店管理、旅行社管理、旅游管理学科研究的高级专业人才；学生主要学习旅游管理方面的基本理论、基本知识，突出旅游资源开发与规划旅游管理等学科体系的掌握，受到旅游经营管理、旅游资源规划开发等方面的基本训练，具有较好的科学素养及资源开发、规划管理的基本技能。
机械设计制造及其自动化,本专业培养获得现代机械工程师基本训练，能从事机械设计制造及其自动化专业领域内的设计制造、推广应用、运行管理和营销等方面的工作，具有创新意识和较强实践能力的高级应用型工程技术人才。在校学生除学习高等数学、大学物理、外语等基础课外，主要学习的专业基础课和专业课有：理论力学、材料力学、工程制图、工程材料与成型技术基础、机械原理、机械设计、电工电子学、机电控制工程基础、液压传动与控制、微机原理及接口技术、机器人机构学、机电一体化系统设计、数控技术及数控机床等。
焊接技术与工程,本专业培养具备材料科学、电工和电子学、机械、力学和自动控制的基础知识和应用能力，能够在焊接技术与工程领域从事科学研究、技术开发、设计制造、生产组织管理等方面工作的高级工程技术人才。要求学生具有较扎实的自然科学基础，系统地掌握本专业领域宽广的技术理论基础知识，主要包括力学、机械学、电工电子学、热加工工艺、自动化基础、材料科学基础、焊接电弧及弧焊方法、焊接结构力学和材料熔接基础及焊接性；具有本专业必需的工程制图、计算、实验、测试、文献检索和基本工艺操作等基本技能和较强的计算机应用能力；初步掌握科学研究、科技开发及组织管理能力，较强实践能力、适应能力和创新精神。
草业科学,本专业培养具备草坪学、草地学、树木学、运动场草坪建植与管理、高尔夫球场草坪建植与管理、草坪与牧草病虫害、园林绿地规划等方面的知识，能在园林绿化、高尔夫球场、运动场、城市林业等部门从事草坪建植与管理、人工草地栽培、城市生态环境建设的高级科学技术人才；毕业生可在园林、水土保持、环保、人工草场、体育场等部门从事各种类型草坪的建植与管理工作，各种功能草地的培育以及园林绿地规划设计、园林花卉植物栽培以及优良牧草和草坪草的选育、人工牧草培育、人工牧草深加工、优良草种品种种子生产等的技术与管理工作。
地理信息科学,本专业培养具备地理学基础知识，掌握地理信息系统、数据库原理、遥感原理与技术、制图学、地理科学、资源与环境学的基础理论和基本知识，具备地理信息系统、全球定位系统和遥感的集成与应用以及相关信息处理和分析能力，能在科研机构、高等学校从事科学研究与开发，能在城市、区域、资源、环境、交通、人口、土地、房地产、基础设施和规划管理等领域从事地理信息系统开发、管理和有关应用的高素质复合型人才。
地球信息科学与技术,本专业培养具备地质学、工程地质学、应用地球物理学、计算机信息处理技术、软件技术与工程等方面的基本理论和方法，掌握地球物理勘探的主要技术手段，具备从事各种工程勘查、信息采集、计算机处理和综合应用能力，能在工程勘察、水利水电、国土资源、环境工程、城市基础设施规划与管理等领域从事地球物理勘探、地质工程技术管理等工作的高级应用型专门人才。本专业要求学生掌握基础地质学、工程地质学、地球物理学、遥感技术、地理信息系统、信息处理技术、软件技术的基本理论知识和基本技能；具有数据库应用、面向对象程序设计和初步系统软件设计能力；具备运用主要地球物理勘探技术方法进行岩土工程、资源工程、环境工程等工程勘查的能力，熟练掌握一门外语和计算机应用技能。
勘查技术与工程,本专业培养具备地质学、水文地质学、工程地质学、岩土工程勘察与评价、应用地球物理学等方面的基本理论知识，能从事各种建设岩土工程勘察与评价、水文地质勘察、工程地质勘察、矿产资源勘查和地质工程技术管理等工作的高级应用型专门人才；要求学生掌握地质学、水文地质学、工程地质学、岩土工程勘察与评价、应用地球物理学等方面的基本理论和技术；能够运用传统与现代勘察技术手段，在各种岩土工程勘察、水文地质勘察、工程地质勘察、基础工程施工、矿产资源勘查中从事勘察、设计、施工、管理、评价和监理，以及完成各种地质灾害的治理等工作的能力；熟练掌握一门外语和计算机应用技能。
资源勘查工程,本专业培养具备地质学的基础理论知识，掌握资源勘查与开发的各类工作方法，具备对资源形成理论及分布规律等综合分析和研究的基本能力，能在资源勘查、开发、管理、规划、保护等领域从事固体矿产、石油、天然气等矿产资源勘查、评价和管理方面工作的高级研究工程技术人才；学生主要学习地球科学基础知识，资源勘查和评价等方面的基本理论及工作方法，具有综合分析区域资源分布特征、规律及工业价值，进行资源评价、资源管理及科学决策等方面的基本能力。
电子信息工程,本专业培养具备电子技术和信息系统的基础知识，能从事各类电子设备和信息系统的研究、设计、制造、应用和开发的高等工程技术人才。本专业电子和信息工程方面的是一个较宽口径专业，学生主要学习信号的获取与处理、电厂设备信息系统等方面的专业知识，受到电子与信息工程实践的基本训练，具备设计、开发、应用和集成电子设备和信息系统的基本能力。
通信工程,本专业培养具备电子通信、信号与信息处理、计算机通信、应用电子技术、通信系统和通信网等方面的知识，能在电子通信与信息系统领域中从事研究、设计、制造、运营及在国民经济各部门和国防工业中从事开发、应用通信技术与设备的高级工程技术人才；业学生主要学习电子电路理论与技术、通信系统理论与技术、信号处理理论与技术、信息处理理论与技术、信息理论和通信网方面的基础理论、组成原理和设计方法，接受通信工程实践的基本训练，具备从事现代通信系统和网络设计、开发、调测和工程应用的基本能力。
动物科学,本专业培养具备动物科学方面的基本理论、基本知识和基本技能，能在畜牧业及其它相关领域和部门从事与畜禽养殖有关的技术与设计、推广与开发、经营与管理、教学与科研等工作的高级科学技术人才；通过学习，要求学生掌握牧场设计、动物生产与管理、动物遗传育种与繁殖、动物营养与饲料配合、畜产品加工等方面的基本理论和基本知识，受到饲料分析与检测、畜禽产品分析与检测和生产实践等方面的基本训练，具有从事动物育种、繁殖、生产与管理的基本能力。
动植物检疫,本专业培养具备动植物检验检疫方面的基本理论、基本知识和基本技能，能在国家各级检验检疫部门、动植物产品卫生安全与监督机构、农畜产品生产销售企业及进出口管理部门从事动植物病虫害检验检疫及防治、农畜产品及食品卫生安全检测、动植物保护等方面的技术、管理、教学与推广的高级科学技术人才；要求学生掌握动植物有害生物的化验、检测、病虫害防治的基本知识；掌握有害生物的鉴定、识别、监测和控制等方面的方法和技能；熟悉国家关于动植物防疫检疫、动植物进出口检疫、农畜产品卫生安全流通等方面的方针、政策和法规；了解动植物检验检疫理论与技术最新发展动态，了解相近专业的一般原理和知识。
工程造价,本专业培养具备管理、技术、经济、法律等基本理论知识，系统掌握固定资产投资、融资管理、工程经济管理及工程造价管理等方面的理论基础和基本技能，能在各类建筑施工企业、造价咨询单位、监理公司与设计院、建设单位、金融机构以及各级政府投资管理部门、高等院校、科研机构等部门从事投资与工程造价管理、咨询与服务、工程保险、房地产估价等工作的高级应用型专门人才；要求学生掌握管理学、经济学以及土木工程技术的基本理论知识；了解世界先进的工程造价管理经验和主要发达国家和地区的工程造价管理方法，以及世界工程投资与管理的发展状况及趋势；具有工程造价的确定与控制、工程担保与保险的管理能力；能熟练运用计算机技术处理各种工程造价文件及信息；具备从事工程投资与管理实践的基本技能；熟练地掌握一门外语。
市场营销教育,本专业培养具备管理、经济、法律、市场营销、教育学等方面的知识和能力，能在企、事业单位及政府部门从事市场营销与管理、科研和在中、高等职业学校从事教育教学等方面工作的高级人才；学生主要学习市场营销、工商管理及教育学方面的基本理论和基本知识、受到营销方法与技巧方面以及职业教育教学法的基本训练，具有分析、解决营销问题和从事职业教育工作的基本能力。
市场营销,本专业培养具备管理、经济、法律等方面的知识和能力，掌握营销和管理学的基本理论，统计分析、预测决策等知识与方法，具有较强的语言与文字表达、人际沟通，熟悉我国有关市场营销的方针和政策、熟悉国际市场营销惯例，分析和解决营销管理各种问题，熟练掌握一门以上外语，掌握文献检索、资料查询基本方法，了解本学科的理论前沿和发展动态，具有较强实际工作能力，能在各类企、事业单位从事市场营销策划和营销管理工作应用型专门人才。
工商管理,本专业培养具备管理、经济、法律及企业管理方面的知识和能力，能在企、事业单位及政府部门从事管理以及教学、科研方面工作的工商管理学科高级专门人才；要求掌握管理学、经济学的基本原理和现代企业管理的基本理论、基本知识；掌握企业管理的定性、定量分析方法；具有较强的语言与文字表达、人际沟通以及分析和解决企业管理工作问题的基本能力；熟悉我国企业管理的有关方针、政策和法规以及国际企业管理的惯例与规则；了解本学科的理论前沿和发展动态；掌握文献检索、资料查询的基本方法，具有初步的科学研究和实际工作能力。
财务管理,本专业培养具备管理学、经济学、法律和理财、金融等方面的基础知识和能力，具有扎实的财务管理知识和技能，适应政府经济管理部门、企事业单位、金融与证券机构以及会计事务所、资产评估事务所等中介机构的相关业务工作，能在工商、金融企业、事业单位和政府部门从事财务、金融管理以及在大专院校、科研单位从事教学、科研方面工作的工商管理学科高素质复合型专门人才。学生要求掌握管理学科、经济学科的基本理论与基础知识；熟悉国家有关财务管理法律法规和方针、政策；较深入了解市场经济运行机制，具备综合分析、解决财务管理实际问题的能力和初步的科研能力；熟练掌握一门外语，具有较强的外语阅读能力和相当的外语听、说、写、译能力，能利用外语获取专业信息；通过国家计算机二级水平考试，能熟练运用计算机从事业务工作。
物业管理,本专业培养具备管理学、经济学、法学以及与物业管理直接相关的自然与人文学科的基本理论；熟悉物业管理的有关理论、方针、政策与法规，能综合运用国内外物业管理的理论和方法，对物业管理系统进行规划、设计、完善，具备解决物业管理具体问题的基本能力；能够在各级房地产管理部门、物业管理公司、政府及企事业单位从事物业管理、项目管理、招投标及合同管理、环境设计等工作的高级复合型管理人才。
海事管理,本专业培养具备海洋及内河船舶驾驶、船舶运输管理等方面的知识和技能，能在海洋及内河运输企事业单位从事船舶驾驶、营运管理、港口引航、海事管理及高等学校、科研院所从事教学和科学工作，符合国际海员培训、发证和值班标准公约（STCW78/95）和我国船员适任标准要求并取得高级船员适任证书的高级航海技术及管理人才。
海洋技术,本专业培养具备海洋科学、遥感与信息处理和水声学的基本理论和基本技能，能在海洋和信息处理技术及相关领域，从事海洋基础研究、海洋资源开发、声学技术研发及应用、信息系统开发管理及数据处理等工作的高素质应用型人才。毕业生可从事海洋资源调查与开发，海洋环境监测、海洋资源管理、海洋探测、海洋信息处理技术等工作。
航空航天工程,本专业培养具备航空航天领域的多学科知识，能运用理论分析、数值模拟和实验研究等手段研究和解决航空航天领域的实际问题，能从事导弹、航天器、飞行器等航空航天器总体、结构和系统设计相关工作的高级工程技术人才；毕业生应具有扎实的数学、物理、力学、实验及计算机基础，可直接进入航空航天部门的科研院所和工程单位，从事与航空航天工程有关的科研、技术开发、工程设计、测试、制造、使用、维修和教学工作，也可在航空航天科学与技术、力学等相关专业继续深造。
药物分析,本专业培养具备化学、生物学和药学的基本理论和技能，熟练掌握国内外药品生产质量管理规范、药品质量监督管理的法规与标准体系，能够在药物研究、生产、流通和临床使用领域，从事药物分析研究、药物质量控制与管理、临床用药监测等工作的高级科学技术人才。要求系统掌握药物分析的基本理论、基本知识和基本技能，具有良好的专业素养，具备药物分析及体内药物分析、中药及其制剂分析、新药研发、药品质量标准制定、药事管理知识能力，能够在药品生产企业的质量管理（QA）、质量控制（QC）关键质控及管理岗位，药品研发企业的新药研发、药品质量标准制定、临床研究（CRC）等关键岗位，国家及省市地方食品药品监督管理局（所）、药品检验检定所药品检验检定及管理岗位，药品流通领域质量管理岗位等方面工作。
材料成型及控制工程,本专业培养具备机械热加工基础知识与应用能力，能在工业生产第一线从事热加工领域内的设计制造、试验研究、运行管理和经营销售等方面工作的高级工程技术人才；要求学生较系统地掌握本专业领域宽广的技术理论基础知识，主要包括力学、机械学、电工与电子技术、热加工工艺基础、自动化基础、市场经济及企业管理等基础知识；具有本专业必需的制图、计算、测试、文献检索和基本工艺操作等基本技能及较强的计算机和外语应用能力；具有本专业领域内某个专业方向所必需的专业知识，了解科学前沿及发展趋势；受到现代机械工程师的基本训练，具有从事各类热加工工艺及设备设计、生产组织管理的基本能力。
农业机械化及其自动化,本专业培养具备机械设计制造基础知识与应用能力，能在工业生产第一线从事机械制造领域内的设计制造、科技开发、应用研究、运行管理和经营销售等方面工作的高级工程技术人才；学生主要学习机械设计与制造的基础理论，学习微电子技术、计算机技术和信息处理技术的基本知识，受到现代机械工程师的基本训练，具有进行机械产品设计、制造及设备控制、生产组织管理的基本能力。
地质工程,本专业培养具备基础地质学、水文地质与工程地质、工程地质勘查等方面的基本理论知识，具有从事解决常见工程地质和水文地质问题及资源地质勘查的基本能力，能在工程地质勘察、资源勘查与设计、施工、管理等领域从事资源勘查与评价、管理、各类工程建设地质等方面工作的高级工程技术人才。毕业生可从事水文地质及工程地质勘查与评价、资源地质、工程项目管理等方面的科学研究、开发及管理等工作。
审计学,本专业培养具备经济学、管理学、会计学和审计学的基础知识，掌握现代审计理论、方法和手段，掌握外语和计算机工具，具有较强的创新意识和继续发展潜力，能在国内外经济管理领域从事财务审计、绩效审计、固定资产投资审计、信息系统审计工作的复合型应用人才。学生要求必须掌握理论知识和业务技能，了解本学科的理论前沿和发展动态，具有一定的科学研究能力；掌握文献检索、经济管理信息搜集、资料查询等专业性信息处理方法；熟悉常用的经营管理、会计审计等专业软件，能熟练运用计算机处理会计审计业务；具备英语的听、说、读、写、译能力，英语水平达到国家大学英语等级考试四级要求，或学校学位英语要求；具有良好的审计文化底蕴和诚信品格，有较强的沟通协调能力及团队意识。
飞行技术,本专业培养具备空气动力学、飞行力学、飞行性能与操纵原理等方面知识，能在民用航空公司从事民航航线飞行驾驶，并且符合国际民航航线运输机驾驶员执照标准和营运管理的高级飞行技术人才；学生主要学习飞行性能和控制原理、现代运输飞机构造等方面的基本理论和基本知识，受到识别和运用各种航图、运输机通信和空中领航的基本训练，具有民航航线飞行方面的基本能力。
蒙药学,本专业培养具备蒙药学基础理论、基本知识、基本技能以及与其相关的蒙医学、药学等方面的知识和能力及人文知识，能在蒙药生产、检验、流通；使用和研究与开发领域从事蒙药鉴定、设计、制剂、栽培及临床合理用药等方面工作的科学专门人才；学生应掌握蒙医学与蒙药学的基本理论、基本知识和基本技能，掌握蒙药制剂的制备原理、方法、生产工艺、质量控制方法和应用，能够充实蒙药剂型的研究开发，充实蒙药制剂的生产及质理管理，从事制剂工艺技术的设计以及承担蒙药调剂和临床应用指导等工作。
蒙医学,本专业培养具备蒙医学、临床医学的基本理论和医疗预防的基本技能及人文知识；能在各级医疗卫生机构、科研部门从事医疗、预防、科研等方面工作的有创新精神的应用人才。学生主要学习蒙医药学基本理论、基本知识和蒙医临床诊疗技能，掌握一定的现代自然科学和现代医学等方面的知识，接受蒙医临床技能和现代医学临床技能的基本训练，掌握蒙医各科疾病的临床诊疗技能。
探测制导与控制技术,本专业培养具备目标及环境的探测、识别、跟踪、定位、制导与控制、安全控制以及机电控制和传感检测等方面的基础理论知识和工程实践能力，能在有关科研单位、高等学校、生产企业和管理部门从事系统设计、技术开发、产品研制、实验测试和科技管理等方面工作的高级工程技术人才；学生主要学习目标探测与识别技术、制导与控制技术、传感与检测技术、机电控制技术和系统分析与综合等方面的基本理论和基本知识，受到系统设计、技术开发、产品研制、实验测试以及工程管理方面的基本训练，具备系统分析与综合、工程设计与计算、计算机应用与开发、检测与实验等方面的基本能力。
林学,本专业培养具备森林培育、森林经理、林木遗传育种、野生植物资源开发利用等方面的理论知识和技术，从事林木良种选育、森林培育（包括经济林栽培）、森林资源经营管理、森林资源保护及开发利用、自然保护区与森林公园经营管理、城市绿地规划与设计、生态环境建设等方面的高级科学技术人才与管理人才。
水产养殖学,本专业培养具备水产动植物的繁殖、育种与增养殖技术以及病害与防治、渔业企业经营管理等方面知识，能在水产养殖生产、教育、科研和管理等部门从事科学研究、教学、水产养殖技术开发及经营管理等工作的高级应用型、复合型人才。学生主要学习生物学和水域环境学的基本理论以及水产增养殖、疫病防治、渔业经济和管理等方面的基本知识，接受有关生物学和化学实验教学、水产增养殖实践性教学、计算机应用等方面的基本训练，掌握水产经济动植物增养殖、病害防治、水产生物育种等基本能力。
水文与水资源工程,本专业培养具备水文水资源及水环境方面基础理论和专业知识，能在水资源规划与管理、水资源优化配置及高效利用、水文预报、水资源开发与保护、水环境保护等部门从事水文、勘测、规划设计、施工、预报、管理和基础理论研究的高级工程技术人才。学生主要学习水文、水资源及环境信息的采集及处理、水旱灾害预测及防治、水资源规划、水环境保护、水利工程规划与设计、水利工程运行与管理、水政管理等方面基本理论与基本知识，受到工程制图、运算、实验、测试等方面基本训练，具有应用所学专业分析解决实际问题、科学研究、组织管理的基本能力。
武器系统与工程,本专业培养具备武器系统及其子系统综合设计、产品研发、实验测试和工程管理等能力，以及具备机械工程等相关民用工程技术方面的基础知识和工程实践能力，能够适应本专业发展的基本需求，能在国家有关部门、科研单位、高等学校、部队、企业和管理部门从事火炮、自动武器以及机械系统设计、技术开发、产品制造、实验测试和科研管理等方面工作，具有较好的人文社科和管理知识、良好的职业道德素质、身心健康、全面发展的高素质工程科技人才。
土地资源管理,本专业培养具备现代管理学、经济学及资源学的基本理论，掌握土地管理及房地产开发经营方面的基础知识，具有测量、制图、计算机等基本技能，能在国土、城建、农业、房地产以及相关领域从事土地调查、土地利用规划、土地整治、地籍管理、不动产估价、土地管理政策法规研究与实施以及房地产开发、经营、管理等工作的高级专门人才；学生主要学习土地管理方面的基本理论和基本知识，接受土地调查、土地评价、土地规划、土地整治、测量、计算机、地籍管理、不动产估价的基本训练，突出特点是把学生培养成既具有现代管理理论又具有土地科学与管理领域专业技术才能的专门人才。该专业学生具有突出的土地资源管理和房地产开发经营方面的技术专长，同时具备遥感和GIS技术等现代专业技术特长。
海洋工程与技术,本专业培养具备现代海洋工程装备设计、研究、建造的基本技能和项目管理方面的基础知识、计算机编程及应用能力、具有累积一年的海洋工程领域企业实践经验，能够在海洋工程装备设计、研究、制造、检验、使用、教育和管理等部门从事技术和管理方面工作的海洋工程学科卓越工程技术人才。本专业学生主要学习物理、数学、力学、海洋平台设计原理、海洋工程结构物制造技术、海洋工程项目管理与控制等基本理论和知识，掌握海洋工程装备设计、建造流程中的关键技术、熟悉海洋工程装备设计与建造项目的运行方式、管理方法等方面的专业知识。通过三年的理论学习和累积一年的企业实践训练，使学生成为基础扎实、专业知识面广、动手能力强、具有创新精神和实践能力的应用型、复合型人才。
农业建筑环境与能源工程,本专业培养具备现代农业生产性建筑、现代设施农业工程、城镇规划与建设等方面的基本知识，具有本专业工程项目建设可行性论证，工程规划设计、施工与运行管理等基本能力，能在工厂化高效农业系统、生态观光农业工程等相关的现代农业建筑与环境领域从事规划设计、装备开发与集成、施工管理、教学与科研等方面工作的高级工程技术人才；要求学生掌握现代农业生产性建筑、现代设施农业工程、城镇规划与建设等方面的基本知识，具有本专业工程项目建设可行性论证、工程规划设计、施工与运行管理等基本能力。能在工厂化高效农业系统、生态观光农业工程等相关的现代农业建筑与环境领域从事规划设计、装备开发与集成、施工管理、教学与科研等方面的工作。
应用心理学,本专业培养具备心理学理论、知识和技能，掌握心理学研究、咨询和治疗方法，有能力随时了解心理学的最新发展的专业人才；要求学生掌握扎实的心理学专业理论知识；培养精确缜密的科学思维，具备开展心理学实验，进行心理测试、心理评估、心理咨询等实际工作的能力；具备广博的人文视野和较高的人文素养，积极参加社会活动，心系人文关怀；熟练掌握一门外国语，达到国家规定的等级水平；熟练应用计算机，能够使用统计软件对所得数据进行分析；具备一定的独立科学研究能力、进一步专业深造的理论素养和必要的知识储备。
新能源科学与工程,本专业培养具备新能源科学与工程领域的基础理论和工程技术知识，能够在风力发电、光伏发电、绿色电源、变频器、电动车驱动等相关领域从事研究和开发工作的复合型高级技术人才。毕业生能够在现代电力企业和研究设计单位、新能源设备制造、变频器制造、电气设备制造等相关单位，从事产品研发、系统设计、规划、运行维护以及技术管理等工作。
冶金工程,本专业培养具备冶金物理化学、钢铁冶金和有色金属冶金等方面知识，能在冶金工程领域从事生产、设计、科研和管理工作的高级工程技术人才；主要开设冶金物理化学、材料科学基础、冶金传输原理、钢铁冶金学、冶金质量分析等课程；毕业生可在钢铁冶金、有色冶金领域可从事基础研究、技术开发、工程设计、技术改造等方面的工作；在材料、化工、环境、机械工程等领域可从事与冶金学科相关的技术开发与技术改造工作；在钢铁冶金、有色冶金生产企业可从事生产组织、技术经济、质量管理、环境安全、经营销售等方面的工作；在冶金研究、设计院所可从事科研开发、工厂设计、工艺改造等方面的工作。在高等院校可从事冶金实验教学工作；在高等职业技术学校可从事冶金教学工作。
野生动物与自然保护区管理,本专业培养具备野生动物繁育、驯养、检疫、疾病防治和自然保护区规划设计、管理等方面的知识，能在野生动物科研院所、国家海关和边境口岸、工商、自然保护区、动物园等部门或单位从事野生动物保护、利用、检疫和自然保护区资源管理的高级科学技术人才；学生主要学习保护生物学、野生动植物保护与利用、动物遗传育种与繁殖、预防兽医学、自然保护区资源管理方面的基本理论和基本知识，受到显微制片技术、动物解剖、生物化学分析、饲料营养成分分析、自然保护区规划、动植物检疫方面的基本训练，具有野生动物资源调查与评价、野生动物产品鉴定与开发利用、经营管理的基本能力。
影视摄影与制作,本专业培养具备一定的科学文化和艺术理论知识，具备广告、电视、电影的图片摄影、摄像能力，能在电影、电视制作部门、广告宣传部门和教育机构从事影像艺术创作、教学和研究工作的高级专门人才；学生主要学习电影学、戏剧学、设计学等方面的基础理论和基本知识，受到图片摄影、影视摄影等方面的基本训练、掌握影视摄影和图片摄影创作的基本能力。
口腔医学,本专业培养具备医学基础理论和临床医学知识，掌握口腔医学的基本理论和临床操作技能，能通过国家执业医师资格考试，在医疗机构从事口腔常见病、多发病诊治和预防工作的口腔医学专门人才；要求学生具有较广泛的人文、社会科学知识，较宽厚的自然科学基础，较坚实和较系统的基础医学和临床医学理论，扎实的口腔医学理论知识，一定的预防医学知识，同时具有较强的自学能力；熟练掌握一门外国语，并能较熟练阅读本专业外文资料；具有较强的临床分析和思维能力，能独立诊治口腔医学领域内的常见病和多发病，基本达到卫生部颁发的《口腔医学住院医师规范化培训试行办法》中规定第一阶段培训结束时要求的临床工作水平；能结合口腔临床实际，学习并掌握临床科学研究的基本方法。
艺术设计学,本专业培养具备艺术设计学教学和研究等方面的知识和能力,能在艺术设计教育？研究？设计？出版和文博等单位从事艺术设计学教学？研究？编辑等方面工作的专门人才；学生主要学习艺术设计学方面的基本理论和基本知识,接受艺术设计理论思维能力？造型艺术基础及设计原理与方法的基本训练,具备了解艺术设计的历史？现状和进行理论研究的基本素质？
地下水科学与工程,本专业培养具备扎实的地下水资源和地下水工程研究的理论和基本技能，能在生产单位、科研院所、大专院校、行政管理部门从事地下水科学与工程方面的勘察、评价、规划设计、地下水资源管理、技术经济分析的高级应用型专门人才；要求学生掌握地下水科学与工程专业的基本理论和方法，具有室内试验和野外试验的基本技能；掌握地下水动态监测、地质环境监测、水文地质勘查、地下水资源评价和管理、地下水资源开发和保护的专业知识和工作方法；了解和基本掌握工程地质勘查、设计和施工的基本方法；了解地下水科学和工程专业的发展方向，能够运用专业理论知识和专业技术方法解决地下水资源与环境的实际问题；熟练掌握一门外语和计算机应用技能。
宝石及材料工艺学,本专业培养具备扎实的地质学、美术设计、珠宝玉石首饰鉴定和市场营销等基本理论知识，具备珠宝玉石等矿产资源开发利用、珠宝玉石首饰鉴定检验、宝石玉雕及首饰工艺设计加工、珠宝玉石首饰经营管理等技能，能够从事珠宝玉石及贵金属首饰的质量检验、技术开发和经营管理的高级应用型专门人才。要求学生具备较为系统的地质学基础，初步懂得开展相关矿产资源研究工作的理论和方法；掌握钻石、有色宝石、玉石及贵金属（金、银、铂、钯）首饰鉴定、设计、加工、商贸的理论知识和实际操作技能；掌握宝石学的研究思路和方法，具有独立进行宝石学研究的初步能力；初步掌握材料工艺学的基本理论、知识和工艺方法，具有一定的材料工艺开发研究能力；掌握美术设计的基本原理和方法，具有一定的从事首饰及材料工艺设计的能力；懂得市场营销、推销技巧与商务谈判，具有胜任技术管理和市场开发等工作的素质与能力。
汽车服务工程,本专业培养具备扎实的机械工程、电子与计算机技术的基本理论和知识，素质全面，有较强的实践能力和创新精神，具有扎实的现代汽车技术基础，对汽车工程实现技术支持，具有现代汽车服务理念和职业素质，在汽车工程和汽车运用领域内从事新技术开发、汽车技术服务、汽车贸易等工作的高级复合型人才；学生主要学习汽车技术、汽车运用、汽车服务等领域的基本理论，接受现代汽车诊断、检测与维修技术、汽车营销和其他汽车服务的系统训练，具有从事汽车技术服务及经营管理等工作的基本能力。
工程力学,本专业培养具备扎实的力学基础理论、计算仿真和工程实验能力，能在航天航空、土木建筑、机械与车辆、生物医学等工程领域中从事与力学有关的科研、技术开发和工程设计的研究型人才。要求学生具备力学、数学理论基础；具有卓越的分析、综合应用能力；熟练掌握理论、计算和实验等研究方法和工具；能在企业及研究机构中胜任强度、振动和计算机仿真模拟等方面的设计、开发和管理、研究等工作；本专业毕业生主要面向航天航空、机械工程、建筑工程、新型材料、生物医学等应用领域，从事科学研究、技术开发、工程管理等方面的工作。
舞蹈表演,本专业培养具备扎实的舞蹈学、体育学专业基础理论、基本知识和基本技能，具有较高的体育舞蹈、流行舞蹈、民族舞蹈、健美操、艺术体操等表演能力、创编能力和教学能力，符合舞蹈表演发展需求的专门人才；毕业生可在各类专业表演团体、企事业文化机构、各级各类学校、舞蹈培训机构、健身俱乐部、社区文化机构、社团组织（协会）、影视传媒等单位从事表演、教学、管理、科研等工作。
中西医临床医学,本专业培养具备中西医学基础理论、中西医学专业知识和临床专业实践技能，具有良好的职业道德和人文素养，能够熟练、准确运用中西医两套理论，对常见病、多发病进行中西医临床诊疗，熟悉国家卫生工作的方针、政策和法规，能够在各级医院从事中西医临床医疗工作，具有一定科研能力的实用型中西医临床医学人才。
中药学,本专业培养具备中药学科基本理论、基本知识和实验技能，具有良好的科学素养，在中药科研、生产、检验、流通、应用和经营领域从事中药鉴定、炮制、药剂及临床、合理用药等方面工作的中药人才；要求掌握中医药基本理论和临床用药基本知识；熟练运用现代中药化学与中药药理学基本理论与方法，研究中药化学成分以及中药与机体相互作用的规律；掌握中药鉴定的基本理论知识和技能；掌握中药炮制加工和制剂制备的基本理论和技能；了解中药从开发、生产到临床应用的流程；熟悉营销理论与药事管理法规、政策；了解中药学科的学术发展动态，具备在中药临床、科研及相关领域独立工作以及获取新知识和创新的能力；掌握一门外国语，具有较好的听说读写能力，具备较熟练地阅读本专业外文书刊和进行国际学术交流的能力。
中药制药,本专业培养具备中医药和现代药学等方面的基础理论知识和工程实践技能，具有良好的科学素养，在医药科研单位、生产企业和管理部门从事医药产品的研究与开发、生产、质量控制、管理及临床应用等方面进行工作的药学专门人才。学生要求熟悉中医药基本理论和知识；掌握制药技术与工程的基本知识和技能；了解药品生产常用设备，掌握药物生产工艺设计方法；掌握制药生产工艺管理；熟悉营销理论与药事管理法规、政策；了解药物新剂型、新工艺、新技术和新设备的发展动态，具有药物新制剂、新工艺研发的初步能力；掌握一门外国语，具有较好的听说读写能力，具备较熟练地阅读本专业外文书刊和进行国际学术交流的能力。
壮医学,本专业培养具备壮医、中西医基本理论、基本知识和基本技能；较强的交流适应能力以及良好的职业道德；具备一定的科研能力，能在各级医院和医疗科研机构从事壮医、中医、中西医结合临床、预防、保健、康复和科学研究工作的医学高级专业人才。掌握壮医基础理论、基本知识和基本技能；要求掌握运用壮医辨证施治的基本能力；掌握必要的现代医学基本理论和基本知识；熟悉国家及民族医药卫生工作方针、政策和法规；了解壮医学理论与学术的发展动态；掌握文献检索、资料查询的基本方法，具有一定的科学研究和实际工作能力。
资源环境科学,本专业培养具备资源环境科学的基本理论，掌握资源环境科学（特别是农业资源与环境）的基本技能与知识，能够进行资源与环境质量的定性与定量分析及评价；掌握提高土壤、水、养分、生物等资源利用效率的技术与方法；学会利用信息技术实现对农业资源的开发、利用与保护及退化防治等宏观管理与决策；培养能够在农业资源与环境领域从事科研、教学及技术推广等工作的高级应用型人才；学生主要学习农业资源的利用管理、农业生态、农业环境保护、资源信息技术等方面的基本理论和基本知识。受到农业资源调查与规划、土壤肥力、植物营养与施肥技术、肥料加工、生态效益分析、计算机技术等方面的基本训练，具备从事本领域工作的能力。
自然地理与资源环境,本专业培养具备自然地理和资源环境方面的基本理论、知识和技能，具有创新意识和实践能力，掌握水资源的合理利用、土地资源的利用与评价、资源环境遥感的专业知识与方法以及资源利用和环境发展相关政策和法规，能在企事业单位、科研院所、政府机关、大中专院校等从事与资源环境相关工作的应用型高级人才。
基础医学,本专业培养具备自然科学、生命科学和医学科学基础理论知识和实验技能，熟悉基础医学先进仪器设备，具有较高的外语水平、一定的教学实践能力和开展实验研究的能力，自主学习、独立分析问题和解决问题的能力；能够从事基础医学各学科教学、科研研究及基础与临床相结合的医学实验研究工作的有较大发展潜力的基础医学高级专门人才。
藏药学,本专业培养具有藏医药学和现代药学基本理论、基本知识和基本技能，能从事藏药生产经营管理、藏药质量分析鉴定、藏药资源可持续利用、新药和保健品开发等工作的藏药学专门人才；学生要求掌握基础医学和藏药学基础理论、基本知识及基本技能；全面掌握藏药基本知识、藏药材辨认及配制技能；掌握一定的现代药学基础知识，能够结合现代科学知识来分析药理及药物性能；对常见病和多发病的药方，能够独立配药的基本技能；基本掌握常见病及多发病的诊疗技能；了解并掌握GMP有关内容；掌握藏医天文星算的基础知识；具有一定的科学研究和实际工作能力；具有良好的医风医德和人际沟通能力。
农业电气化,本专业培养具有创新意识和创新能力、综合素质高、适应能力强的，具备地方电力系统及其自动化、生产过程电气自动化及应用电子信息技术有关的分析计算、工程设计、使用维护、生产管理的基本理论和基本知识，能在与农业、农村有关的地方电力系统、用电管理部门、电子信息产业和技术发展系统从事有关的技术设计、经营管理、教学科研等方面的德、智、体全面发展的高级工程技术人才；要求学生掌握电气、电子与控制工程方面的基本理论；掌握应用电子技术与计算机技术方面的基本知识；掌握电力及自动化工程的分析计算、工程设计方法和农业电气化与自动化、农业生物工程及其环境设计的检测控制技术；了解电力技术、自动化技术的应用前景和发展动态；熟悉农业、能源与环境及电力方面的方针、政策和法规。
水族科学与技术,本专业培养具有观赏水族养殖与鉴赏、繁殖与育种、水质调控、营养与饲料、病害防治、水族工程设计、经营管理等方面知识与能力，能够在水族产业的企事业单位从事休闲渔业及观赏水族科研、开发、教学、管理等工作的复合型科学技术人才；要求学生学习现代生物科学和环境科学的基本理论以及观赏水族的养殖、水族产业的经营和管理等方面的知识，受到有关生物学和化学实验教学、观赏水族养殖实践性环节基本训练，掌握观赏水族养殖技术、水域环境控制、营养与饲料、病害防治等方面的基本能力。
光源与照明,本专业培养具有光源与照明技术领域的基本理论、基本知识和相关信息电子实验技术、计算机技术等方面实践能力，能从事半导体照明材料与芯片制备，半导体照明灯具的设计及制备，照明系统设计与安装，LED驱动电源设计与开发，LED显示技术，以及微电子和光电子相关产品的研发、制造、工程应用和测试等工作的高级工程技术人才。要求学生掌握光源与照明技术领域的基本理论、专业知识和基本实验技能；具有扎实的数、理、化自然科学基础和较好的人文社会科学知识；熟练掌握一门外语；受到光源、照明及电气工程相关的产品研发、系统运行、信息处理等专业技能的训练；有较强的分析和解决工程问题的能力。
海关管理,本专业培养具有广泛的科学文化知识和良好的科学精神和人文素质；了解公共管理理论的前沿和发展动态；熟悉海关管理相关领域的方针、政策和法规；系统掌握海关管理的基础知识、基本理论和基本技能；富有创新精神、视野开阔，能适应现代化、智能型海关发展要求的复合型、高素质专业人才。学生主要学习管理学、经济学和法学的基本理论和基础知识，接受海关业务知识和管理方法的基本训练，具有分析和解决现代海关业务和管理问题的基本能力；能够熟练掌握英语，具有较强的语言表达能力和计算机综合应用能力。
摄影,本专业培养具有国际化的眼光和视野，了解商业视觉的运作规律，从事商业摄影、时装摄影、影像设计的应用型高级专门人才；了解本学科的发展趋势和前沿艺术与技术发展动态；全方位掌握人像摄影、时装摄影、广告摄影以及数字后期处理的高级技术；具备现代的摄影意识和创作风格；掌握商业摄影的市场运作规律，多角度掌握其他摄影门类的主要风格和技能；具有开拓和创新的学习和创作精神。
国际商务,本专业培养具有国际视野，掌握当代国际商务理论和国际商务专业技能，熟练应用英语和现代信息技术，通晓国际商务环境和规则，尤其熟悉跨国企业经营管理和战略，可以在国内企业、跨国公司、金融机构、咨询机构和政府部门等从事国际贸易、国际投融资、跨国企业经营管理、国际商务营销、国际商务谈判等实际业务以及策划、咨询和管理工作的国际化、复合型和创新性人才。学生要求掌握扎实的经济学和管理学基础理论和方法；系统掌握国际商务理论和专业技能；熟悉国际商务惯例和相关法律法规；了解国际经济、国际贸易与投资的发展状况与趋势；具有较强的科研能力、市场调研和市场预测能力；具备较高的英语应用能力和跨文化交流能力，具有突出的适应英语工作环境的综合能力。
交通运输,本专业培养具有国际视野的交通运输专业人才，学生将掌握交通运输规划与管理、城市交通管理与控制、交通运输系统仿真、国际运输业务、汽车理论及构造等方面的基本理论和技能。学生毕业后能在国家、省、市的城乡规划、公安交通管理、港口运输、国际进出口、汽车保险和销售等部门从交通规划、交通设施设计、运输贸易管理、汽车服务等工作。
食品营养与检验教育,本专业培养具有化学、生物学和分析、检验等基本理论，食品营养学知识，食品安全与卫生学基础，食品分析与检测技能，通晓食品法规与标准，熟悉食品加工技术、食品安全评价技术、食品质量控制与管理规律的德、智、体、美全面发展的综合型应用技术人才和掌握教育教学方法、具备良好素质的教育和研究工作者；学生主要学习化学、生物学和食品科学的基本理论和基本知识，接受食品营养检验与设计、食品分析与检测、食品质量控制与管理、食品安全检测与评价、食品加工与品质评定等方面的系统训练。
药学,本专业培养具有化学生物学与基础医学背景，掌握必需的人文社科知识以及化学生物学与相关基础医学知识、较扎实的自然科学理论和系统的药学知识，具有较强的创新意识、科研思维能力与实践技能，适应研究生生源培养的要求，能够从事与药物合成、药物制剂、药物检验、药品生产与营销、新药研究与开发、质量控制，以及药学管理和教学工作的具有理学学士学位药学专门人才。学生需掌握药物化学、药理学、生物化学、药剂学、天然药物化学、药物分析学等学科的基本理论和专业技能，学会药物制备、质量控制、药物与生物间相互作用、药效学与药物安全性评价等主要基本方法和技术，具有药物制剂的初步设计、选择药物分析方法、新药药理实验与评价等能力，熟知药事管理法规、政策等。
医学影像技术,本专业培养具有基础医学、临床医学和医学影像学的基本理论知识及能力，具有较深厚的电子技术基础，能胜任医学影像设备的管理、操作、维护、图像处理以及设备研发、安装、维护等工作的复合型应用人才；学生要求掌握基础医学、临床医学、医学影像技术的基本理论和技能，具有操作普通X线、CT、MRI、DSA、放射治疗及核医学成像技术等的能力，能够灵活应用各种医学影像成像技术实施个性化检查方案，精通影像设备的工作原理，开展有效的医学影像质量管理活动。
设施农业科学与工程,本专业培养具有坚实的生物学、工程学及环境控制基础，具有系统的设施工程科学和农业科学基础理论、知识和技能，能在设施农业科学与工程及相关部门或单位从事设施管理、设施植物产品生产、设施农业工程设计、建造、科研教学、技术开发、经营管理等工作的应用型复合型高级专门人才；要求学生系统掌握相关基础知识和专业基础知识，熟练掌握一门外语和计算机应用能力；掌握园艺设施的设计与建造、设施环境自动化调控、工厂化农业生产、农业高新技术园区的规划和经营管理，掌握高效、特色作物的优质无公害标准化设施栽培技术；具有创新意识和现代理念，能够胜任设施园艺工程设计、生产技术、经营管理、教学和科研等方面工作。
农学,本专业培养具有坚实的现代生物学基础知识，熟悉作物生长发育、遗传变异和产量品质形成规律，掌握作物育种和良种繁育、农业信息与管理、农业资源开发与利用和作物高产优质与可持续发展的基础理论、基本知识和基本技能，熟练掌握现代生物技术、作物生产技术、农副产品加工技术和农业标准化与质量认证技术，能够适应农作物产业化开发、农业经营与管理、教学与科研等工作的应用型、复合型高级专门人才。
应用化学,本专业培养具有坚实应用化学理论基础和具有较高外语水平及较强计算机应用能力，能够适应从事精细化工、有机合成、生物化学、生物化工、药物合成及环境保护等相关专业的产品研制、科学研究、技术开发、工程设计、生产管理，并能解决工程实际问题的宽口径高级专门人才；本专业学生主要学习化学方面的基础知识、基本理论、基本技能以及相关的工程技术知识，受到基础研究和应用基础研究方面的科学思维和科学实验训练，具有较好的科学素养，具备运用所学知识和实验技能进行应用研究、技术开发和科技管理的基本技能。
材料物理,本专业培养具有较深厚的物理学基础，掌握材料科学基本理论和现代材料科学研究与测试的基本方法，能在科技、教育、工业、事业等部门从事材料的研究设计、性能检测、生产使用、技术开发、质量管理的复合型高级专门人才；学生除学习物理基础课程以外，还要学习材料物理、材料科学基础、光电子学概论、信息材料、材料物理专门实验等专业课程。
人力资源管理,本专业培养具有较为深厚的心理学、经济学、管理学等学科基础知识与分析方法，熟练掌握人力资源管理的各种理论和技术，能独立从事人力资源管理不同功能模块方案设计、操作和实施的应用型专门人才。学生将学习人力资源管理、管理学、经济学和心理学等方面的基础理论和基础知识，获得人力资源管理方法与技巧的基本训练，具备分析和解决人力资源管理问题的基本能力。
茶学,本专业培养具有开阔的国际化视野，掌握较完整的现代生物学知识体系，具备扎实的自然科学、人文社会科学知识和外语综合能力以及良好的专业技能，具有扎实的茶学基础理论知识和熟练的基本技能，能在茶的科技、经济、文化和健康等领域从事行政管理、教学研究，国内外贸易和文化交流等部门从事工作的高层次专业人才；学生主要学习农业生物科学和茶学基本理论、茶树栽培育种、茶叶生物化学、茶叶加工与机械等方面的基础知识，新品种选育、种苗繁育、机械化加工、茶叶审评与品质检验、茶叶经营与销售、茶文化等方面的实验、实践技能，具备该领域教学、研究、开发和管理能力。
计算机科学与技术,本专业培养具有良好的科学素养，系统地、较好地掌握计算机科学与技术包括计算机硬件、软件与应用的基本理论、基本知识和基本技能与方法，能在科研部门、教育单位、企业、事业、技术和行政管理部门等单位从事计算机教学、科学研究和应用的计算机科学与技术学科的高级专门科学技术人才；要求学生掌握计算机科学与技术方面的基本理论和基本知识，接受从事研究与应用计算机的基本训练，具有研究和开发计算机系统的基本能力。
应用统计学,本专业培养具有良好的数学基础和一定的经济学基础，掌握统计学的基本理论和方法，受到用统计方法和统计软件收集、整理、分析数据的基本训练，掌握统计建模和统计应用的基本方法，能熟练地运用统计方法分析数据和解决实际统计应用问题，能在政府、企业、事业单位和经济、管理等部门从事统计调查、统计信息分析、数量分析等方面工作的统计学高级应用型人才。
网络安全与执法,本专业培养具有良好的政治素养、科学素质和人文素养，具备警察基本素质和技术技能；掌握网络安全与执法专业基础理论、基本知识与基本技能，具备开展网络安全与执法工作的专业核心能力和创新精神，能够在公安机关从事网络安全保卫与执法工作的应用型高级专门人才。
安全防范工程,本专业培养具有良好的政治素质、科学素质与人文素养，具备警察基本素质和技术技能；掌握安全防范、通信保障和信息应用的基础理论、基本知识和基本技能，熟悉与本专业有关的法律法规，能在公安部门、国家机关和企事业的安全部门等单位从事入侵报警、视频监控、出入口控制、行动技术、防爆安检、通信保障等领域的技术研究和应用管理的高素质应用型专门人才。
人文地理与城乡规划,本专业培养具有良好科学素养、掌握地理科学、城乡与土地资源管理与规划、地理信息系统应用等方面的基础理论、方法与技能，能够从事国土规划、城乡规划、产业规划、旅游规划、土地利用与社区规划等领域研究、规划和管理工作的应用型人才；主要设置自然地理学、人文地理学、经济地理学、自然资源概论、环境学概论、城市经济学、城市规划与管理、环境影响评价与规划、区域分析与规划、村镇规划与管理、居住区规划与设计、遥感概论、GIS原理与应用、CAD制图、管理学原理、经济学概论等课程。
环保设备工程,本专业培养具有良好人文精神、科学素养，掌握污染控制工艺过程、基本控制单元、设备机械基础和环保过程装备等环境污染控制技术和过程装备技术及控制工程等方面的基本理论和基本知识，能够从事环境保护设备以及成套装备的科技开发、优化设计、创新改造和应用研究等工作的高级工程技术人才；学生主要学习环境污染控制工程(水、气和固体废物等)、机械制造基础、控制工程基础、机械设计基础、环保设备原理与设计等方面的基础知识和基本技能，具有从事环保设备设计、污染治理工程设计、组织施工、技术经济分析、测试和调试等领域工作的基本能力。
飞行器适航技术,本专业培养具有良好数学、力学和电学基础，具有飞机总体设计、飞机系统设计以及飞机适航性评估等方面的基础理论和专业知识，熟悉适航法规和标准，能从事飞机总体和结构设计与适航符合性评估、飞机系统安全性设计、可靠性工程、飞机适航审定以及适航管理技术等方面工作的高级技术研究、工程应用和管理人才。毕业生可选择报考与本专业密切相关的适航技术与管理、飞行器设计、载运工具运用工程、材料学、航空航天安全工程、航空工程等学科的硕士学位研究生，或在航空、航天等行业的研究所、国有大型企业、外资企业、民航公司，从事飞机总体和结构设计、飞机系统安全性设计与分析、适航符合性评估、可靠性工程、飞机适航审定和验证技术以及适航管理技术等方面工作。
木材科学与工程,本专业培养具有良好艺术修养、掌握系统设计理论和现代设计方法；掌握木材和其代用材料的结构、性能及加工工艺；掌握家具造型、结构设计与家具制造工艺的基本理论和操作技能。能在木材加工工业、家具制造业、室内工程等领域的企业、设计院、科研院所从事木材加工、室内设计、室内装饰的高级工程技术人才；学生主要学习木材学、电工与电子技术、机械基础、计算机辅助设计、美术、造型艺术、设计艺术和木材科学与加工技术等方面的基本理论和基本知识，受到木材干燥、制材、人造板、木制品与家具设计制造的基本训练，具有木材加工和室内装饰工程的生产技术、工艺流程和设备选择及经营管理的基本能力。
海洋资源与环境,本专业培养具有生物学、环境科学基本理论和基本知识，具有较强的实验、实践基本技能；具备生物资源增殖与保护、海洋环境监测与评价、海洋与渔业管理等方面的基本技能；能从事本专业及相关专业的科学研究、教学、海洋生物资源开发与保护及海洋管理等工作的高级技术人才；课程设置包含海洋生物学、海洋科学、海洋环境修复与治理、海洋管理和规划等多方面内容。
烹饪与营养教育,本专业培养具有熟练的烹饪工艺实践技艺、宽厚的烹饪科学理论以及相应的餐饮管理知识与营销业务能力的高级职业技术人才；毕业生能从事大、中型饭店及集团餐饮部门的技术及管理工作，也可在中、高等烹饪学校或相关科研部门从事教学、科研工作。
卫生检验与检疫,本专业培养具有卫生检验与检疫专业基础理论、基本知识，同时具备一定预防医学相关知识，熟练掌握岗位操作技能，应用所学知识从事食品卫生检验、环境卫生检验、劳动卫生检验、疾病监控以及环境监测等方面工作的高素质卫生检验与检疫人才。要求掌握卫生检验与检疫理论与技能；医用基础化学、基础医学和预防医学的基本理论知识和实验技能；临床疾病诊断的基本知识；临床医学检验的基本理论知识和实验操作技能；数量统计和计算机应用的基本知识和技能；掌握各种常用医学检验分析仪器的构造和操作技术；掌握医学文献检索、资料调查的基本方法，具有临床医学检验科研工作的初步能力。
物流管理,本专业培养具有物流企业经营与管理、物流系统规划与设计及相关学科基础理论和专业知识技能、具有扎实的运筹学、管理学、经济学、物流学及国际运输法规的基础理论知识，并能熟练地运用外语和现代化管理技术及方法处理物流管理业务的高级应用人才；学生要求熟悉国内外运输法规、公约和惯例，了解我国对外经济贸易的方针、政策和法规，掌握物流服务企业经营管理的基本知识、技术和方法；具有一定的经营管理组织能力和公关能力，并有初步的科研能力；具有较强的英语听、说、读、写、译的能力。了解物流管理发展的现状及趋势。
西班牙语,本专业培养具有西班牙语听、说、读、写、译扎实的基本技能和功底，且具有广博的文化知识和良好的文化沟通能力，综合素质较高的高级专业人才。强调语言基本技能和语言交流能力，将西班牙语专业知识与实践相结合，着重培养学生的交流技能和翻译能力。
公共关系学,本专业培养具有系统的公共关系理论知识、扎实的实践操作能力与较强的创新能力；拥有广泛的人文和社会学知识；较好的掌握传播学、新闻学、管理学和广告学、营销学等相关学科基本知识和技能的高级公共关系专业人才，以满足社会组织对公关人才的需求。学生要求掌握系统的经营管理知识、熟悉现代传播沟通理论和方法，理解现代媒体尤其是新媒体的传播规律，具备调研、策划和创意能力，掌握各种宣传技巧和沟通艺术。
信息资源管理,本专业培养具有系统的信息资源管理理论知识，掌握现代管理知识、信息技术和信息资源管理专业技能，能够在政府机构、公共部门、企事业单位、高等院校等各类机构以及信息资源开发和咨询服务等专门机构中从事信息资源管理即信息收集、信息分析、信息利用和信息服务等复合型、应用型专门人才。要求学生熟练掌握各类信息资源管理流程，具有熟练运用信息技术采集、组织、加工和开发利用信息资源等核心技能。
中国画,本专业培养具有系统了解中华民族传统文化精神，具备中国书画基础理论和中国书画创作实践、教学、研究等方面的能力，既能体现时代审美取向，又有积极探索相对独立的个体艺术价值的专业人才，能在艺术领域、教育、研究、出版、管理等单位和部门从事教学、创作、研究、出版、管理等方面工作的高级专业人才。要求学生能熟练地握中国画人物、山水、花鸟、书法篆刻的传统技法；了解中国画的历史传统和造型规律、艺术手法；具有较高的艺术修养、独立完成创作和教学的能力；有一定的实际工作能力和初步的科研能力。
农业水利工程,本专业培养具有现代农业水利工程理论及相关学科的基本理论，能在政府管理部门、规划部门、水利水电工程设计开发及科研部门，从事农业水利工程及水利信息化领域的勘测、设计、施工、管理和科研等工作的高级工程技术人才；学生主要学习农业水利工程建设所必需的数学、力学、建筑结构和水利信息技术等方面的基本理论和基本知识，使学生得到必要的工程设计方法、施工管理方法和科学研究方法的基本训练，具有供水工程、灌排工程、水利信息化工程的勘测、规划、设计、施工、科研和自动管理技术等方面的基本能力。
戏剧影视美术设计,本专业培养具有一定的马克思主义基本理论素养，并具备戏剧、戏曲、影视和其他舞台演出的美术设计(含灯光设计、服装与化妆设计、布景绘制)等方面的能力，能在剧院(团)、电影厂、电视台、电视剧制作中心从事美术设计的高级专门人才；学生主要学习戏剧、戏曲、影视美术设计、戏剧史、电影史、舞台美术史、中外美术史等方面的基础理论和基本知识，受到绘画、美术设计的基本训练，掌握场景设计、服装道具设计、化妆造型设计等方面的基本能力。
外交学,本专业培养具有一定的马克思主义理论素养和强烈的爱国心，对国际事务和中国外交有系统全面的了解，有交际和谈判的能力，在政治、业务、作风、纪律和语言方面具有较高的综合素质，能在外交和其他外事部门从事实际工作、国际问题研究和教学工作的外交学高级专门人才。本专业学生主要学习外语、外交学和国际政治、法律、经济知识，接受有关理论、发展历史和现状等方面的系统教育。
作曲与作曲技术理论,本专业培养具有一定的音乐素养，并具备较全面的音乐创作知识、能力和专业化水平，能在有关文艺单位、艺术院校、科研机构以及出版、广播影视部门从事作曲与作曲技术理论的创作、教学、研究、编辑等方面工作的高级专门人才；学生主要学习作曲技术与作曲技术理论方面的基本理论和基础知识，掌握音乐创作、教学、研究的作曲技巧；侧重学习作曲者，应全面掌握并熟练地运用各种曲式和体裁的作曲技巧；侧重学习作曲技术理论者，应深入系统地掌握和声、复调、曲式、配器的专业知识和技能；侧重学习视唱练耳，应深入系统地掌握音乐院校视唱练耳教师所具备的专业知识和技能；侧重学习戏曲音乐作曲者，应系统地掌握戏曲音乐艺术的基础知识、戏曲作曲的基本技能和创作规律，具备从事戏曲作曲创作的专业水平和能力；侧重学习电子、电子计算机音乐者，应系统地掌握电子技术的有关知识，能较熟练地通过电子计算机进行音乐分析、研究和创作。
阿拉伯语,本专业培养具有扎实阿拉伯语语言基础、比较广泛的科学文化知识、一定社会、自然科学文化素养及相关专业基础知识，能在外事、经贸、新闻出版、教育、旅游、文化、科研等部门从事翻译、教学、管理和研究工作的复合型阿拉伯语高级人才。要求学生掌握阿拉伯语语言、文学、历史、政治、经济、外交、社会文化等方面的基本理论和知识，接受阿拉伯语听、说、读、写、译等方面的良好训练，具备较强的阿拉伯语和汉语表达能力和从事中外跨文化交流所需要的专门知识技能，具有从事翻译、教学、管理和科研工作的专业素质和运用能力。
德语,本专业培养具有扎实的德语语言基础，对德语国家的文化、历史、文学和政治、经济现状有较全面的了解，具有较好的听、说、读、写、译的技能，了解科技德语的主要特点，掌握科技德语的阅读、写作和翻译技巧，能从事外语教学、国际交流和一般性科研工作的德语高级专门人才。
劳动与社会保障,本专业培养具有扎实的管理学、经济学、劳动与社会保障学基础理论与专业知识，能够在政府财政、民政、人力资源和社会保障部门和企事业单位胜任劳动社会保障管理、员工福利规划及相关基金管理与运用等工作，以及学校、科研单位教学与研究工作的高素质复合型专门人才；学生应能够掌握管理学、劳动与社会保障学、社会保障精算、企业风险管理基础理论与基本知识，熟悉我国劳动和社会保障领域的法律和政策，掌握社会保障基金的管理与运用流程，熟悉劳动和社会保障业务运作。争取达到英语六级水平，熟练利用英语获取专业信息，可以利用计算机、数据库和相关网络工具从事实际业务和研究工作。
葡萄牙语,本专业培养具有扎实的葡萄牙语语言基础和较强的语言实际应用能力的专业人才，学生通过四年的学习掌握较系统的葡萄牙语语言、文学和文化基础知识和基本原理，能熟练使用葡萄牙语进行听、说、读、写、译的综合交际能力，能在外交、外贸、文化、教育、新闻出版、旅游等部门从事翻译、调研、教学、管理等工作。
数字媒体技术,本专业培养具有扎实的自然科学和外语基础知识，掌握虚拟现实、计算机动画、互动媒体、影视编辑、网络游戏、手机游戏等数字媒体相关的基本理论与方法，具有一定的艺术修养，能综合运用所学知识与技能去分析、设计、制造数字媒体产品的复合型高级技术应用人才；学生主要学习数字信息处理与传播、数字媒体设计和开发等方面的专业知识，熟悉信息传播理论、数字出版流程和数字媒体艺术设计，接受软件工程和数字媒体技术实践的基本训练，未来能够在虚拟现实、互动新媒体、影视动画、游戏设计、手机应用、平面媒体、网络媒体等文化创意相关行业，从事各类数字媒体产品的设计、制作、开发、应用、运行管理等方面的工作。
临床医学,本专业培养具有扎实医学基本理论、知识和技能，具有较高的综合素质、较强的实践能力和有一定科研基础的应用型临床医学人才；学生应具有宽厚的自然学科、生命学科和人文学科的基本理论知识；掌握基础医学和临床医学的基本理论、基本知识和基本技能，较熟练的掌握人类疾病的诊断、治疗和预防方面的基本方法，掌握疾病的产生原因、发病机制以及对疾病的鉴别能力；掌握常见病、多发病诊断处理的基本技能，具有对急、难、重症的初步处理能力；掌握临床诊疗工作的辨证思维和分析判断方法；得到医学科学思维和科研方法的基本训练；熟练掌握一门外语，掌握计算机基本操作技能。
海洋油气工程,本专业培养面向我国海洋石油工业发展需要，德智体美全面发展，具有较强的国际竞争能力、团队协作能力的海洋石油工业钻井、采油、项目管理等方面的高级专门技术人才。通过本专业学习，学生除具备一定的工科基础理论和海洋法规基础知识外，应熟练掌握海洋钻井、完井、采油和油气集输专业知识，并具备较好外语水平，可胜任海洋钻井与完井、海洋采油气、海洋油气集输等工作的设计、工程施工与管理工作。
中草药栽培与鉴定,本专业培养面向药材种植基地、中药研究部门、药品监督管理部门、药品生产企业、医药贸易部门、教学、科研等单位、行业，具备中药学学科基础理论、基本知识和基本实验技能，及其相关的中医学、药学、农学等方面的知识和技能，从事中药材栽培，药材的品质鉴定，药用植物资源开发与保护以及中草药栽培基地的规划、建设及管理等方面工作的高级专门人才；学生将系统学习中药学、农学和生物学基本理论，深入进行药用植物种质资源的保存与鉴定、野生药用植物归圃与药用植物新品种选育、中草药栽培管理与病虫害防治、中草药采收与加工炮制、中药化学成分研究与质量评价等方面的理论学习与生产实践锻炼，培养具有从事中草药生产管理、技术推广、质量评价、成分提取、加工炮制以及经营管理和教学科研创新能力。
汉语言文学,本专业培养能够从事语言文学教学与研究工作或与专业相关的工作的专门人才。通过本专业的学习，使学生具有坚实宽厚的文史哲基础知识和理论，较高的文学修养、鉴赏和评论能力，较强的写作能力、古籍阅读能力、外语能力和一定的科研能力。
飞行器环境与生命保障工程,本专业培养能够系统地掌握飞行器环境控制、传热学、流体力学、工程热力学、计算机、电工学、电子学和机械等学科基础知识以及航空航天生理学、航空航天生命保障系统的专业基本理论知识，并了解本领域的现状与发展趋势，熟悉飞行器内温度、压力等环境参数控制系统和设备的设计方法；具有设备测试、调试及运行管理的能力，及较强的自学能力、创新意识和较高的综合素质的专业人才；学生毕业后主要在航空、航天、民航、机械、建筑、化工、部队等部门从事飞行器环境与生命保障、空调与制冷技术方面的技术、管理、教学及研究工作。
服装设计与工艺教育,本专业培养能系统掌握服装设计的基本理论与方法，能结合市场需求设计各类服装，掌握服装结构设计与工艺设计基本原理和方法，具有较系统的服装裁剪缝制技术和成衣制板能力的人才，学生主要学习服装设计与工艺方面的基础知识、基本理论和实践技能、接受专业基本训练，具有从事服装行业设计与技术研究及生产管理等方面工作能力，掌握教育理论和教学实践的基本技能，获得从事服装教学和服装研究的基本能力。
针灸推拿学,本专业培养能运用中医药基础理论、针灸推拿（含气功）专业知识和基本技能，以及一定的西医学知识和专业外语能力，能在医药健康产业等领域中从事中医针灸推拿医疗、教学、科研及国内外学术交流工作的中医针灸推拿专门人才。要求学生掌握中医药学基础理论、基础知识和基本技能；掌握针灸推拿学基础理论、基础知识和基本技能，能从事针灸推拿、中医药临床常见病证的辨证论治；了解针灸推拿学术发展动态，具有从事针灸推拿科研的初步能力；掌握一定的西医学的基础知识和技能，了解中医针灸推拿学科学术发展动态，具有从事针灸推拿科学研究的初步能力；掌握一定的专业外语知识，具有一定的中医针灸专业外语学术交流能力；能够顺利阅读古典医籍。
粉体材料科学与工程,本专业培养能在材料科学与工程领域，特别是在粉体材料、粉末冶金、陶瓷材料等领域，从事科学研究、工程设计、技术与产品开发、质量控制和生产经营管理等方面工作的高级专门人才。要求学生系统掌握粉体材料科学与工程的基础理论、基本知识和基本技能，具有创新精神和一定的创新能力；了解金属和非金属粉体材料的生产工艺及相关设备，具有在粉体制备、测试、改性和应用等方面应用新技术、进行设备及技术管理的能力；能在新材料、新能源、农业和医药产业等新兴产业以及兵工等与粉体相关行业工作。
核工程与核技术,本专业培养能在核技术、反应堆、核电站、辐射防护及相关专业领域从事应用研究、基础研究、教学、管理等的专门人才；要求毕业生具有良好的数理基础和核技术、核电站工程等的专门理论，具有较深入的专业知识和熟练的专业实验技能，掌握核工程与核技术专业的基础知识体系，掌握相关的工程技术知识，包括工程制图、机械电工、电子技术、计算机等；要求了解本专业各方向的理论前沿、研究动态、应用前景以及相关技术、产业的发展状况，能够适应核技术、核工程、辐射防护等学科的发展。
越南语,本专业培养能在外事、教育、科研、旅游、外经贸、文化管理等部门从事翻译、教学、管理工作的应用型人才。要求学生具有扎实的越南语语言基础知识，了解越南国情概况，掌握越南语听、说、读、写、译等专业技能和实际运用能力，同时掌握对外交往、管理及教学方面的相关知识与技能。
农村区域发展,本专业培养农村区域发展设计与规划，现代农业管理和现代农业技术结合的高级复合型人才；要求学生系统掌握农村区域发展及相关学科的理论和知识，熟悉我国关于农村发展的有关方针、政策、法律法规和制度，掌握运用经济学与现代管理学的基本理论与方法分析与解决农村区域发展中实际问题的基本技能。具备参与产业与市场分析、区域经济规划、开发管理等有关的宏观决策与微观管理的农村区域发展规划、设计、经济管理、教学和科研的能力。
农业资源与环境,本专业培养农业可持续发展及生态环境保护等领域的专门人才，要求学生系统掌握农业资源与环境的规划与管理、农业环境保护、特色生物质资源深度开发利用等的基本理论和基本技能，具备环境质量评价及环境监控的先进技能，掌握农业环境污染治理及生态修复的技术方法，能够在农业资源与环境相关部门和单位从事资源合理利用与可持续发展、生态环境保护与规划管理、生态环境建设、环境规划设计等方面的教学、科研、管理等相关工作。
藏医学,本专业培养热爱藏医药事业和藏民族文化，满足人民群众对藏医医疗、预防、保健、康复需要的德、智、体、美全面发展、具有良好职业道德；系统掌握扎实的藏医基础理论与基本知识、基本技能和必要的西医基础、临床知识；具有足够的藏医传承能力、藏医临床思维能力和一定的创新精神；能够准确运用藏医药学术和西医的基础知识、基本技能防治常见病、多发病，并具备对常见的急重症进行急救处理能力以及在藏医学教育、科研和对外推广、交流等工作中具有较强发展潜能的藏医专业人才。
维医学,本专业培养热爱维吾尔医药事业，具有系统的维医基础理论和基本知识，坚实的维医临床诊疗技能，必要的现代基础知识和临床诊疗技能；能从事维吾尔医临床工作和维吾尔医科研工作的高级医学人才；要求掌握维医基础理论、基本知识和基本技能；掌握运用维医辨证施治的基本能力；掌握必要的现代医学基本理论和基本知识；熟悉国家及民族医药卫生工作方针、政策和法规；了解维医学理论与学术的发展动态；掌握文献检索、资料查询的基本方法，具有一定的科学研究和实际工作能力。
汽车维修工程教育,本专业培养适合我国汽车产业发展需要，具有系统的汽车运用及现代汽车电子控制系统的基本知识与基本技能，具有良好的科学文化素质、创新思维能力和工程实践能力，能在汽车行业从事汽车电子运用、检测、维修的应用型高级专门人才；学生获得师范技能的基本训练，能在职业院校从事相关专业理论教学和实践教学。本专业要求学生系统地掌握本专业领域较宽广的技术理论，掌握本专业必需的汽车相关基础理论、汽车电子技术的基本技能及汽车运用的基本方法；具有本专业领域内汽车电子专业方向所必要的专业知识，了解其学科前沿及发展趋势；具有一定的应用相关知识、技术和技能解决社会、生产实践问题的能力。
航海技术,本专业培养适应21世纪社会主义现代化建设需要的，知识、能力、素质协调发展，基础扎实、知识面宽、实践能力强、敬业精神好，安全意识及环保意识强，符合经马尼拉修正的《1978年海员培训、发证和值班标准国际公约》和国家海事主管机关的相关规定要求、具有“诚毅”品格和创新精神的高素质航海技术应用型人才。学生主要学习船舶航行、货物积载与装卸和无线电通信等方面的基本理论和基本知识，受到航线设计、船舶操纵与避碰、现代航海仪器等的基本训练，掌握独立指挥和组织船舶航行与营运的基本能力。
新能源材料与器件,本专业培养适应国家新能源战略需求,掌握新能源材料与工程领域的基本理论和知识,具有新能源材料与器件的设计、制造与应用能力，并有较强实践能力和良好发展潜力的复合型高级专门人才；学生主要学习能量转换与存储材料及其器件设计等基本理论知识，掌握新能源材料的制备方法及表征手段，掌握相关器件的基本原理、组装技术和评价方法。在重点学习光电转换及器件、纳米材料、电池结构及设计等专业知识，系统掌握本专业领域技术理论的基础上，具备较强的研发能力、创新意识、组织管理能力和较高的综合素质。
公安管理学,本专业培养适应全面建成小康社会需要，掌握马克思主义基本原理，政治坚定，具有良好职业素养、科学素养和人文素养，熟悉党和国家的路线、方针、政策，掌握本专业基础理论、基本知识与基本技能，具备开展公安机关综合管理工作、政治工作和警务保障等工作的职业核心能力和创新精神，能够在公安机关各部门从事综合管理、公安政治工作、公安文秘和警务保障或在其他政法机关从事相关工作的应用型高级专门人才。
书法学,本专业培养适应社会主义建设需要，在思想道德、业务文化、身心素质等方面得到全面发展，旨在培养以书法研究、创作为主，兼具经济、管理能力的艺术品制作、经营与管理的高级专门人才。本专业重点培养学生的文史功底和书法创作、研究的基本能力，重视对学生实际能力的教学与训练。学生经过本专业的培养和基本技能训练，能在社会团体、学校、文化艺术部门、博物馆、拍卖行业及广告公司等企事业单位从事书法艺术研究、教学、创作、艺术管理以及艺术品经营与管理等方面的工作。
会计学,本专业培养适应社会主义市场经济要求，培养德智体美全面发展，具有经济学、管理学的基础理论，具备财务管理、会计、审计、资产管理等方面专业知识和基本技能，能够在综合经济管理部门、各类企事业单位及会计师事务所、资产评估事务所等中介机构从事管理、咨询等工作的高级专门人才；学生要求系统地握会计学的基本理论、知识和技能，能熟练地运用计算机处理财务、会计、审计等方面的业务，较熟练地掌握一门外语。深入理解中国和国际会计准则，精通现代会计业务，掌握国际通行的会计核算与公司理财技能，能够独立从事财务管理、会计核算、审计等方面的工作。
粮食工程,本专业培养适应社会主义现代化建设需要的，德智体等全面发展的，具备粮食工程方面知识和设计研究能力，具有较强理论能力和实践能力的高级工程技术人才；主要学习粮食化学、化工原理、粮食工程和油脂、蛋白工程等方面的基本理论和基本知识，系统进行有关粮食工程、淀粉和油脂、蛋白工程等方面的实验技能、工程实践、科学研究与工程设计方法的基本训练，具有对粮油产品的生产、管理、工程设计、科研与开发的基本能力。
核化工与核燃料工程,本专业培养适应我国国民经济和核工业发展需要，能在核化工与核燃料工程及相近专业领域从事科研、设计、生产、应用和管理等工作的专门技术型人才。本专业培养的人才应具有良好的数理基础、扎实的专业知识和熟练的专业技能，适应本专业各个方向发展的基本需要、同时具有较好的人文社科和管理知识、良好的道德素质，身心健康、全面发展，能够为国家的经济建设和国防建设事业做出贡献。
艺术与科技,本专业培养适应我国经济发展和改革开放需要，获得室内外展示设计、室内设计、平面设计及相关知识基本训练，具备会展艺术设计的基础理论、专业知识和综合能力，能从事会展展示设计、商业展示设计、博物馆展示设计、户外景点展示设计等室内外相应的工程设计，并具备一定艺术创作、VI策划等平面设计能力，能在展示设计、室内设计、装饰工程等领域的企业、设计和科研单位，从事展示设计、室内设计、策划管理和研究工作的高等复合型人才。
中药资源与开发,本专业培养适应现代社会发展需要、掌握中药资源与开发的基本理论和基本技能的高级专门人才。学生可受到中药资源与开发训练，尤其是掌握常规及珍稀中草药栽培、常规与基因工程育种以及细胞培养、组织培养等现代中药生产技术与现代生物技术提取中药成分、中药药效及保健作用等基本理论和实用技术，并获得一定的企业管理知识，具有良好科学素养及创新精神，能够胜任中药资源方面研发、教学和管理工作。
机电技术教育,本专业培养适应中等职业技术教育发展需要，掌握机电技术基础理论、基本知识和基本技能，具备较强的实践能力和创新精神，能在中等职业学校从事机电技术类课程教学及在相关行业从事设计和研究等工作的应用型人才；学生主要学习机械设计、制造及电学的基础理论，学习机械制造及系统控制、运行与维护及机电设备安装、调试与使用的基本知识，接受从事科学研究和现代教育理论与实践训练，具有从事机电技术教学、产品开发与推广和机电设备维护等方面的基本能力。
监狱学,本专业培养系统掌握法学基础知识和监狱学、刑罚学、犯罪心理学等专业知识，具有预防和打击刑事犯罪、执行刑罚、管理教育改造罪犯的业务能力，具有一定的计算机知识、外语水平和较强的文字口头表达能力，能在监狱等司法系统从事行政管理和罪犯改造等工作的应用型高级专门人才。
金融学,本专业培养系统掌握金融基本理论、基本知识、基本技能，具备能进行金融实际业务操作和金融风险防范、化解金融风险的基本素质和能力，并注重强化外语和计算机教学，成为具有深厚的金融理论知识，有较强的实践能力、分析综合能力、组织能力、表达能力和创新能力的复合型金融人才。
金属材料工程,本专业培养系统掌握现代金属材料科学与工程等方面知识，能在冶金、材料结构研究与分析、金属材料及复合材料制备、材料腐蚀与防护及表面工程、金属材料热加工、粉末冶金材料成型等领域从事生产、经营管理、工艺、设计、技术开发及科研等具有较高技术水平，创新意识较强的宽口工程技术人才；要求学生具有较深厚的材料科学与工程基础，掌握材料科学基本理论和现代材料研究与测试的基本方法，掌握材料性能与微观结构之间的基本规律，掌握金属材料制备、材料加工与产品质量分析等工程方面的基础知识和基本技能，具有创新精神和实践能力。
中医学,本专业培养系统掌握中医学基本理论知识和基本技能，适应现代中医学发展和高等中医教育需要，具备良好的人文和自然科学素养、扎实的西医学基本理论和基本技能、一定的中药学及预防医学相关知识，具有较强临床思维能力和临床实践能力的中医学专门人才。学生主要学习中医药学基本理论知识和中医临床医疗技能，具有必要的自然科学和扎实的现代医学知识，受到中医临床基本技能和现代医学临床基本技能的训练，具有中医各科疾病的临床诊疗和科研工作的基本能力。
道路桥梁与渡河工程,本专业培养学生道路桥梁与渡河工程学科的基本理论和专业知识，具有从事道路桥梁与渡河工程的规划、设计、研究开发、施工及管理的能力，能在道路工程、桥梁工程、隧道与岩土工程等设计、研究、施工、教育、管理、投资、开发部门从事技术或管理工作；要求学生具有较扎实的自然科学基础，了解当代科学技术的现状、发展趋势和应用前景；掌握本学科相关的基本理论，掌握工程规划与选型、结构分析与设计以及工程材料应用的基本知识，掌握工程测量与勘察、工程试验与检测、施工组织与管理等方面的基本技能；具有工程制图、计算机应用、主要测试仪器使用的基本能力，具有综合应用各种手段查询资料、获取信息的能力；具有工程设计、试验、施工、管理的基本能力和研究开发的初步能力。
考古学,本专业培养学生具备历史学、考古学和博物馆学的基础知识、方法以及相关的文博、历史及人类学知识，掌握玉石器、青铜器、陶瓷器、书画杂项等各类文物最基本的鉴定和保护技能，能在考古及历史研究机构、博物馆、各级学校、文物经营机构、公安、海关等部门，从事文博研究、管理等方面工作。
经济与金融,本专业培养学生具备扎实的经济和金融专业知识和实务，掌握系统的经济学与金融学理论和分析方法，具备解决现代经济特别是金融领域中实际问题的技能，熟悉国内外经济与金融发展动态，能在经济管理部门，证券公司、投资银行、商业银行、保险公司、各类投资基金及管理公司等金融机构和工商企业从事相关工作。
水质科学与技术,本专业培养学生具有化学、化工、材料、计算机、仪器仪表和自动控制等学科宽厚的理论基础、实验能力和专业知识，具备水处理工艺、设备和系统的设计、研究和开发能力，掌握相关工业领域的水质控制技术和水资源可持续利用技术；主要培养从事水质科学研究、水质工程规划、水处理系统设计、水质监测与污染防治；水处理新技术、新设备、新材料、新工艺的开发、水工材料及其腐蚀与防护、水质分析与检测和水质控制等工作的高级专门人才。
法学,本专业培养学生具有良好法学思维，掌握法学基本理论和系统法律专业知识；熟悉我国法律法规及有关政策，具有社会责任感和担纲精神；了解外国的法律和法学动态；能够独立分析和解决实际法律问题；具有较强的文字和口头表达能力；掌握律师实务、司法鉴定、法医等技术知识；有较好的外语听说读写能力，使学生成为既能从事立法工作和司法实务，又能从事法学教育和研究工作的德才兼备的高级法律专门人才。
印度尼西亚语,本专业培养学生具有扎实的语言文学理论基础，熟练掌握印度尼西亚语听、说、读、写、译等方面的语言技能，学习印度尼西亚政治、经济、文化各领域的基本知识，毕业后能从事外语翻译、教学研究和对外经贸管理等工作。
柬埔寨语,本专业培养学生具有扎实的语言文学理论基础，又熟练掌握柬埔寨语听、说、读、写、译等方面的语言技能，掌握柬埔寨政治、经济、文化各领域的基本知识，毕业后能从事教学、研究、外事翻译和对外经贸管理工作。
植物科学与技术,本专业培养学生熟悉国内外本领域学科发展前沿和应用前景、国家科学技术、知识产权、植物生产、生物环境等有关方针、政策和法规；具备深厚的人文底蕴、较强的生态环境保护意识、扎实的生物科学基础知识及有关植物科学与技术的基本理论、基本知识和基本技能；熟练掌握植物生产、植物育种、植物保护、植物开发的方法和技能；具备较强的调查研究与决策、试验设计、组织管理以及应用现代生物技术、信息技术获取知识并创新的能力；能够从事与植物科学相关的科学研究与教学、技术推广与开发、生产经营与管理等高级技术研发工作。
网络工程,本专业培养学生系统地掌握计算机网和通信网技术领域的基本理论、基本知识；掌握各类网络系统的组网、规划、设计、评价的理论、方法与技术；获得计算机软硬件和网络与通信系统的设计、开发及应用方面良好的工程实践训练，特别是能获得较大型网络工程开发的初步训练。专业主干学科为计算机科学与技术、信息与通信工程；学生系统学习电路与电子学基础、离散数学、数字逻辑与数字系统、网络技术导论、算法与数据结构、计算机组成原理、通信原理、操作系统、计算机网络、现代交换原理、数据库系统原理等课程。
法语,本专业培养学生系统掌握法语的词汇、语法、口笔头理解与表达等基础知识；培养学生全面了解法国的历史、文化，熟悉当代法国在社会、教育、经济、外贸、文化、艺术、科技等方面的现状；要求学生备法语听、说、读、写、译五种实际应用能力、中法跨文化交际工作能力，具备扎实的人文素养和开阔的当代国际视野；能熟练地运用法语，在外事、经贸、文化、新闻出版、教育、科研、旅游等部门从事翻译、研究、教学、咨询、管理等工作。
政治学与行政学,本专业培养学生系统掌握政治学与行政学的理论基础知识，尤其是中外政治思想与文化的核心知识，具备良好的现代政治思想素质；了解中外政治制度及当代中国政府的运作过程及其治理方式，熟悉党和国家的路线、方针、政策和公共管理方面的法律；具有较高的政治理论素质、较强的理论分析能力和组织管理能力；具备熟练应用现代政治科学与行政学有关理论与方法进行调查研究、政策分析、设计解决问题方案的基本能力，并具有良好的从事政治学与行政学教育和研究工作的能力和素质。
林产化工,本专业培养学生在林产化工、林产品精细化工及相关领域内从事生产过程的设计、产品开发、技术服务、研究和管理等方面工作的高级工程技术人才。学生主要学习掌握森林植物及其林产品的化学组成、性质方面的基本理论和基本知识，受到林产化工生产工艺设计、设备选型和原材料、半成品及成品分析检验等方面的基本训练，具有从事林产品化学加工工艺流程、新产品研究开发、设备设计及生产过程技术改造等方面的基本能力。
城市管理,本专业培养学生掌握管理学、经济学、城乡规划学的基本理论和基础知识，熟悉城市行政体制与治理结构、城市发展战略、城市与区域规划、城市财政、土地与住房管理、城市社区管理、城市品牌管理、城市危机管理等专业领域知识，掌握城市规划、地理信息系统（GIS）、计量分析等现代城市管理技术和手段，具有较强的专业信息获取和应用能力。通过国家计算机二级考试，具备较高的通识英语与专业英语听、说、读、写能力。
劳动关系,本专业培养学生掌握国内外劳动经济学和劳动关系的理论与方法，熟悉我国劳动关系政策、劳动法及劳动争议处理实务、社会保险理论及政策的变化与发展，具有调查、研究和解决各类型组织现实劳动关系、劳动争议处理及相关劳动问题的实际能力。培养协调劳动关系的实务人才（企业管理等），处理劳动行政事务的行政人才（劳工政策制定、劳动关系管理和仲裁等），研究劳动关系并进行国际交流的理论人才（教学、研究、国际国内非政府组织等）。
精神医学,本专业培养学生掌握基础医学、临床医学、临床心理学及精神病学的基本理论和诊疗技能，使学生具备较好的哲学和人文素质，能够成为具有较高专业和人文素养的精神科医师、心身科医师、心理咨询和心理治疗师、精神康复治疗师和社区全科医师；学生毕业后可在各级医药院校、综合医院、精神卫生中心、医学心理中心及精神卫生康复机构从事医疗、教学、科研以及心理咨询和心理治疗等工作。
金融数学,本专业培养学生掌握金融数学与金融经济的基本理论和思想方法，初步掌握使用现代数学与计算技术进行经济、金融信息的分析预测和决策，解决公司财务管理，证券组合分析，投资项目评估，保险精算等金融实际问题，具备较强的数学建模能力，具备初步的科学研究与应用开发的能力。
管理科学,本专业培养学生掌握经济学、管理学的基本理论和基础知识；具有扎实的现代管理科学理论功底，了解现代管理科学前沿，掌握管理科学方法、模型和工具；具有定性和定量相结合研究和解决管理问题的能力；掌握常用的计算软件和计算工具，能熟练使用电子计算机从事管理工作；具备针对财经领域管理工作中的实际问题进行分析与决策的能力；成为理论基础扎实、应用能力强大的高素质复合型人才。
能源化学工程,本专业培养学生掌握能源化学工程、电化学工程及催化技术等方面的基础理论和基础知识；掌握新能源、能量储存与转换的理论基础；掌握化石能源的清洁利用技术，燃料电池系统与氢能利用；电化学功能材料与能源储存转换技术，可再生能源（太阳能、风能、生物质能、海洋能等）利用途径；能在新能源的利用和转化领域内从事专业经营管理和科研开发；学生主要学习化学电源与物理电源（燃料电池、锂电池、Ni-H电池、太阳能电池、生物电池等）的利用技术，学习能源材料与能源转换材料（储能材料、电极材料、光电转换材料等）的设计与合成，燃料化学与工程中催化剂、添加剂、高能碳氢燃料等新型燃料或能提高燃料利用效率的技术。
民族学,本专业培养学生掌握系统扎实的民族学专业知识，熟悉我国民族理论和政策，了解国内外各民族的社会与文化，掌握民族学基本理论和调查方法，具备实地搜集资料、民族田野调查的能力，最终可从事民族文化研究和管理、民俗文化导游、民族事务服务、民族地区经济建设的咨询服务等工作。本专业学生主要学习民族学的基本理论，了解中国民族和族群、中国社会与文化的基本情况；掌握民族学研究的基本方法；受到人类学、社会学及历史学等方面的基本训练。
包装工程,本专业培养学生掌握现代包装科学、工程和设计方面的基本理论和知识，熟悉包装及相关行业的生产与应用技术和经营管理，了解商品包装及相关领域科学技术的最新发展趋势，具备从事包装系统设计、生产技术管理、产品研发和包装检测等基本技能，具有较强的专业知识综合运用能力、工程实践能力和创新精神。学生毕业后可在包装、印刷及其应用领域从事设计、制造、新材料、新工艺和新技术开发、生产和经营管理等工作。
生物技术,本专业培养以现代细胞与分子生物学为基础、以分子克隆技术为手段的现代生物技术人才；要求学生掌握生物学、生物化学、微生物学、细胞生物学、分子生物学、神经生物学、免疫学、遗传学、基因工程、酶工程、发酵工程等方面的基本理论和知识；着重掌握分子生物学技术、细胞与组织培养技术、基因工程、酶工程、蛋白质工程、微生物工程、生物制药技术、药用植物化学分析技术、植物工厂化繁育与生产的技术、动植物检疫技术、市场营销、企业策划等知识和技能。毕业生能在科研机构或高等学校从事生物技术及其相关领域的科学研究或教学工作，能在工业、医药、商检、食品、农林生产、环保、科技情报、园林等行业的企业、事业和行政管理部门从事与生物技术有关的应用研究、技术开发、生产管理和行政管理等工作。
核物理,本专业培养在核物理与核科学技术领域内具有扎实、宽厚的理论基础、熟练的实验技能并获得科学研究的系统训练，具有较强的工作适应能力和后劲，能在工业、农业、国防、医学及环保及其相关领域从事核物理专业基础研究、应用研究、教学、管理等的高级专门人才。主干课程包括：普通物理、电子技术基础、数学物理方法、理论力学、热力学与统计物理、电动力学、量子力学、固体物理、原子核物理学、核电子学、核物理实验方法、辐射剂量与防护、核技术基础。
无机非金属材料工程,本专业培养在无机非金属材料工程领域从事设计研究与技术开发方面工作的高级工程技术人才，掌握无机非金属材料及其复合材料科学与工程方面的知识，能在无机非金属材料研究与分析、材料的制备、材料的成型与加工等领域从事科学研究、技术开发、工艺设计、生产及技术管理等工作。要求学生掌握无机非金属材料及材料复合的基础理论；掌握无机非金属材料的生产过程和设备、生产工艺的专业基础知识；掌握材料制备的原理及工艺基础，材料的结构与性能；掌握本专业所必需的计算机应用的基本知识技能；具有制品的工业生产、质量控制和技术管理的初步能力；具有研究改进材料性能，开发新材料、制品、工艺的初步能力。
数字媒体艺术,本专业培养在信息产业从事数字娱乐内容设计、信息资讯系统设计、软件界面设计、数字媒体广告与传播、科学视觉化设计等虚拟设计实践，具备科学精神以及艺术创新能力的交叉型人才；要求学生熟悉新媒体发展现状，具备基于交互平台的数字内容设计以及数字体验设计的相关知识和技能，具备电子信息、计算机科学、视音频处理、媒体网络与系统、媒体业务信息处理与媒体安全等方面的专业知识和技能，具有较强的实践能力和创新意识，掌握信息设计的思想和方法。
纺织工程,本专业培养掌握纺织工程方面的基本理论和基本知识，能在纺织企业、科研院所、高等院校等部门从事纺织产品开发与设计、纺织工艺设计、纺织生产质量控制、生产技术改造以及具有经营管理初步能力的高级工程技术人才；学生主要学习纺织工程方面的基本理论和基本知识，受到纺织品设计、纺织工艺设计等方面的基本训练，具有纺织品生产管理方面的基本能力。
消防工程,本专业培养掌握火灾科学理论、消防安全技术与工程、消防政策法规，具有消防安全技术工程应用的研究、设计、监测、施工、管理和火灾安全评估、控制及火灾事故调查分析能力的复合型高级专门人才。能在消防工程技术研究和开发部门武警消防部队、消防行政管理部门、各级建设规划设计院、消防工程施工安装部门及大型企事业单位消防事务管理部门等单位，从事消防工程技术的研究、设计、评价、监测、教育与培训，以及消防设备、仪器研究、设计、开发与制造等工作。
运动康复,本专业培养掌握基础医学、预防医学、临床医学、人体运动科学基础理论、基本知识的基础上，系统掌握现代康复医学和健康科学的基本理论、基本技能、基本方法，具有较强实践能力和创新精神，能在各类康复医疗机构和健康机构从事康复治疗及健康服务与管理的高级康复治疗师。要求学生熟悉国家体育卫生的工作方针、政策及有关法规，掌握运动康复与健康专业的基础理论、基本知识、基本技能，了解中外运动康复与健康方面的学术动态和发展趋势；具备独立思考、合作精神和从事康复治疗工作的实际能力。　
采矿工程,本专业培养掌握金属、非金属等固体矿床开采的基本理论和方法，具备采矿工程师的基本能力，能从事矿区开发规划、开采设计与施工、安全设计与监理、生产技术管理、科学研究等工作，培养富有创新精神的应用型技术及管理人才；要求学生掌握较系统的基础科学理论，较宽厚的专业技术理论和主要的专业知识，具有本专业所必需的设计、制图、运算、实验、测试表达及基本工艺技术技能和较强的计算机应用能力。
理论与应用力学,本专业培养掌握力学基本理论、基本知识和技能,具有良好的数理基础和科学素质，受到相关工程技术应用训练、能够运用理论分析、实验研究和数值模拟手段解决工程实际问题的高级专门人才。要求学生通过系统学习和基本工程训练，掌握力学专业及结构工程、材料工程、机械工程等相关学科的基本知识和某一专业方向的专门知识，具有系统、扎实的数学、力学基础，较强的理论分析、计算机应用与实验能力；具有广泛的工程知识，能够在实际工作中独立解决复杂的工程结构分析问题；具有创新精神和创造能力；受到科学研究和工程技术应用的初步训练，具有良好的科学素养。
国内安全保卫,本专业培养掌握马克思主义基本原理，具有良好的科学素质与人文素养、警察基本素质和技术技能，具备扎实的国内安全保卫方面的基础理论、基本知识和基本技能，能在公安机关等政法机关从事国内安全保卫工作及相关业务工作的应用型高级专门人才。
数学与应用数学,本专业培养掌握数学科学的基本理论与基本方法，具备运用数学知识、使用计算机解决实际问题的能力，受到科学研究的初步训练，能在科技、教育和经济部门从事研究、教学工作或在生产经营及管理部门从事实际应用、开发研究和管理工作的高级专门人才；要求学生主要学习数学和应用数学的基础理论、基本方法，受到数学模型、计算机和数学软件方面的基本训练，具有较好的科学素养，初步具备科学研究、教学、解决实际问题及开发软件等方面的基本能力。
公共事业管理,本专业培养掌握现代化管理理论、技术与方法等基本知识和能力，有一定的自然科学基础和工程科学技术知识背景，具有较强理论联系实际能力，能在文教、体育、卫生、环保、社会保险等公共事业管理机构和其它社会中介组织从事管理工作的应用型高级专业人才；要求学生具有扎实的经济学和管理学基础，熟练运用各种经济分析工具，熟悉环境经济与管理活动规律和我国环境政策及有关法规，具备独立进行环境经济调查研究、分析解决实际问题、参与环境经济管理宏观决策的能力。
生物制药,本专业培养掌握现代生物科学和生物技术基本理论、基本技能和工艺工程，具有生物制药技术专业素质，可从事药品生产、管理和技术研发的高等技术应用型人才。要求学生掌握生物制药领域的基本理论、基本知识和基本技能；掌握药物生产装置工艺与设备设计方法；具有对药品的新资源、新产品、新工艺进行研究、开发和设计的初步能力；具备一定的实验设计与实施，归纳、分析实验结果和撰写论文的能力；熟悉国家对于制药生产、设计、研究与开发、环境保护等方面的方针、政策和法规；熟练掌握一门外语，具备听、说、读、写能力；掌握文献检索、资料查询的基本方法，具有一定的科学研究和实际工作能力。
应用电子技术教育,本专业培养掌握信息电子技术的基本理论和知识;掌握电子测量，电子电路设计和常用电子仪器的使用及较高的电子设备调试与维修技能，具备在高、中等职业技术学校执教能力的教师、科研人员和应用型高级专门人才。本专业学生主要掌握电子技术的基本知识和理论；掌握电子测量、电路设计、常用电子仪器使用、电声装置与设备的维修、电视机的调试与维修、计算机应用与维修的技能；掌握科学的教育理论和教学方法，教师职业基本技能达标，掌握一门外语。
药物化学,本专业培养掌握药物化学的基础理论、基本知识和实验技能，熟悉和了解本学科国内外研究前沿及其发展方向；掌握新药设计和合成路线设计的基本理论和技术，药物生产工艺研究的基本技能和方法；熟悉药品生产质量管理规范，具有良好的科学素养、严谨求实的科学作风和开拓创新的进取精神，能够在化学药物研究和医药设计机构、化学药物生产和流通企业、药品监督管理和检验以及农药、精细化工等领域从事化学药物的设计、研究、开发、生产、工艺改进、质量控制和经营管理等方面工作的高级专门人才。
药事管理,本专业培养掌握药学、管理学、法学等自然科学和社会科学的基本理论知识与技能，掌握药品研制、生产、经营、使用、价格、广告、包装及监督管理等不同环节的相关法律法规，能够运用药物经济学、药品质量管理、药品风险管理等经济、管理方法从事行业管理、预测、评估、注册等活动，能够适应现代医药事业建设与发展需要，从事药事相关管理工作的复合型专业人才。学生毕业后能在药事各部门如各级药品监督管理部门、社会劳动保障部门、药品价格管理部门、工商行政管理部门、药品生产企业、药品经营企业、药品科研院所、医疗卫生机构、各类社会中介机构中从事药事管理工作。
艺术教育,本专业实现多种艺术的交叉与融合，培养学生具备一定的音乐基本理论素养和系统的专业基本知识，具备一定的音乐、舞蹈、美术(含书法)的实践技能和教学能力，能在中、小学校特别是基层、中等师范学校、幼儿师范学校和艺术馆(所)从事教学研究工作，也能在群众和文化团体从事管理和宣传方面工作。
复合材料与工程,本专业是材料、化工、计算机技术、数理等学科相互交叉的综合学科，旨在培养学生对复合材料进行材料和结构设计、工艺优化、开发先进复合材料及制品的能力，使学生掌握复合材料的成型加工技术和设备原理，能够在复合材料的设计、制备和成型加工等领域从事一定的科学研究、技术开发、工艺及设备设计或相关生产、经营管理等方面工作。
工业设计,本专业是从消费者需求出发，专门从事研究产品开发设计的专业，具有技术和艺术的高度统一的鲜明特征，专业所包括的内容有产品的市场调研、设计构思、结构设计、形态设计，交互设计，以及包装、装潢、广告和展示设计，强调培养学生的设计创新能力、实践能力、设计管理能力和计算机辅助设计的应用能力；要求学生较系统地掌握本专业领域宽广的技术理论基础知识，主要包括工业设计工程基础、设计表现基础、设计基础、设计理论、人机工程、设计材料及加工、计算机辅助设计、市场经济及企业管理等基础知识；具有新产品的研究与开发的初步能力，有较强的实验技能、动手能力、及美的鉴赏与创造能力以及较强的计算机和外语应用能力。
电气工程与智能控制,本专业是电气、电子信息与控制相结合的宽口径专业，主要针对工业生产过程及产品的智能化、无人化技术（如各种自动化生产线、机器人、无人飞机等等）快速发展对相应人才的大量需求，培养能够在工业企业运动控制、过程控制、供电技术、检测与自动化仪表、信息处理等领域从事系统分析、系统设计、系统运行维护、科技开发等方面工作的具有实践动手能力和创新精神的复合型工程技术人才。毕业生可从事新能源（风、光、水、潮汐、低热、生物质等）高效利用技术、输变电技术、微电网技术、电机与运动控制、电动汽车、电源与电力电子装置、电能存储与网络智能优化调度等方面装置研发、系统集成与维护等工作，或相应的科学研究与教学工作。
电子与计算机工程,本专业是电子信息科学技术领域的宽口径专业，以计算机科学技术、通信工程、电子科学与技术为主干学科。所培养的学生具有扎实的自然科学基础，良好的外语水平，获得科学的、创造性的思维方法及独立从事科学研究能力的基本训练；掌握电子、通信计算机方面的学科基础知识；能从事信息的获取、处理、传输、变换技术、微电子设备的设计与计算机应用系统、电子信息系统的设计、制造、应用和开发的高级工程技术人才。
广播电视工程,本专业是电子信息类口径较宽的专业，要求学生具备较扎实的数理、计算机、外语基础，较厚实的专业基础知识和本学科与跨学科的科学研究、技术开发的基本能力，了解广播电视工程的理论前沿、应用前景和最新发展动态以及信息产业的发展状况，掌握资料查询、文献检索及运用现代信息技术获取相关信息的基本方法，具有一定的实验设计、归纳分析实验结果、撰写论文以及参与学术交流的能力；能在数字电视、高清晰度电视、交互电视、通信、信号与信息处理及相关的电子信息科学等领域从事科学研究、教学、产品设计与开发或管理工作。
工程管理,本专业是工程技术与管理科学相结合的复合型专业，主要培养具备管理学、经济学和工程技术知识，掌握现代项目管理科学的理论、方法与手段，能在国内外项目管理领域从事项目决策和全过程项目管理的复合型高级管理人才。毕业生可在金融、证券及保险企业、制造类企业、物流企业、中介及服务业企业、IT类高科技企业、房地产企业、建筑业企业及投资业主单位从事项目管理工作。
微机电系统工程,本专业是国家新兴战略产业相关专业，面向集成电路制造、航空、航天、生物医疗、精密仪器、汽车电子、消费电子等领域，培养掌握先进的微电子制造技术、精密机械制造技术、仪器仪表及测控技术、微机电系统设计制造技术，并具备一定的人文社科和现代管理知识的复合型高级人才；毕业生可在集成电路制造、航空、航天、机械工程、精密仪器、微电子、医疗器械等行业和领域的研究院所、大中型企业、合资企业及高等院校从事科研、设计、生产等方面的工作。
信息安全,本专业是计算机、通信、数学、法律、管理等学科的交叉学科，主要研究确保信息安全的科学与技术，培养能够从事计算机、通信、电子商务、电子政务、电子金融等领域的信息安全高级专门人才。本专业以信息、信息过程和信息系统的基本理论为基础，着重学习通信、编码、信息网络与系统、信息与安全保密、信息对抗等基本理论、基本原理和技术，学习在信息、信息过程和信息系统等方面进行信息安全与保密的关键技术的研究方法，典型设备、部件的分析、设计、研究、开发的方法和能力。
空间科学与技术,本专业是密切结合航空航天科技迅猛发展需求以及成都理工大学地学优势而开设的新型专业，是一个具有明确背景需求的综合性专业，要求学生具有扎实的数学、物理、外语和计算机基础，具备空间信息科学，现代通信理论，空间环境及探测，空间应用与开发等方面的基础理论知识和技术应用能力，具有较强创新精神，能够在航天工程、空间环境、空间探测、空间应用和空间资源开发以及其它相邻学科领域从事科学研究、人才培养、工程技术和管理工作。
乳品工程,本专业是培养具有乳品专业技术知识和能力，政治素质好，知识结构合理，具有较扎实的乳品加工和质量管理知识，具有一定的其它食品领域的知识，能从事乳品科学研究、新产品开发、乳品深加工和乳品品质检测等方面工作的知识、能力、素质协调发展的复合性应用型人才；毕业生通过食品生物化学、乳品化学、管理学和乳品安全与质量控制、乳品科学、乳品加工等专业知识的学习，为在乳品加工、新产品开发、乳品厂设计等领域从事生产技术、品质控制、产品开发、科学研究和工程设计工作奠定坚实的理论基础。
图书馆学,本专业是研究知识信息的收集、组织、管理与利用的专门学科，解决社会信息化、网络化与数字化进程中信息资源的开发、利用与服务等一系列问题，培养具备熟悉图书馆学基础理论与方法，掌握现代信息技术与管理科学知识，熟练应用信息采集、描述、组织、检索、分析、评价、咨询和开发利用的相关专业技能，能够适应经济和社会发展的厚基础、宽口径、高素质、强能力的复合型人才。
科学教育,本专业是一个化学、物理、生物和地理交叉学科，属于师范类本科。培养具有现代教育思想观念，德、智、体全面发展，掌握自然科学基础知识、基本理论和实验技能，掌握科学教学的基本原理、方法和现代教育技术，具有良好的科学教育素质和职业技能，能胜任《综合理科》或《科学》课程的教学与研究工作，在教育、科研部门、公共事业单位从事教学科学教育研究、科学普及教育和教育管理的高级复合型专业人才。
给排水科学与工程,本专业是以保证水资源可持续利用为目标，以水的社会循环，即取水、给水、处理、排放为研究对象，水质水量并重，以水质为核心，培养能在政府、规划、管理、环保、设计、施工、工矿企业、科研教学等部门从事水资源评价、开发、保护利用、加工输送及规划管理、设计施工、教学研究开发工作的高级工程技术人才的专业。
动物药学,本专业是以动物药学基本理论为核心内容，对动物药品配方、生产开发、药物与毒素残留检测、动物性食品安全、动物药品营销及药政管理等动物药品相关知识和技能进行研究的动物医、药学的交叉专业。它的基本任务是研究与基础兽医学相关的药理学与毒理学方面的相关内容，有效地研制、开发、检验、销售与生产兽药。
生物工程,本专业是以生命科学、食品科学和工程学为基础，培养具备从事食品科学基础研究、食品生物高新技术创新、功能食品开发、食品原辅料生产、农产品综合利用、食品生物工程产业管理等方面能力的“生物技术食品工程”复合型高级专业人才；旨在强调学生专业知识、基本技能、创新思维和科研能力的培养，注重应用研究、工程设计和产业管理的基本训练；本专业涉及基因工程、细胞工程、蛋白质工程、酶工程、发酵工程和生物反应工程等生物工程教学和研究内容，要求学生掌握生物学、生化工程、化学工程等学科的基本理论和知识，掌握基因工程、酶工程、生化反应与催化工程、细胞培养和微生物发酵工程、生物分离工程和工程计算等方面的基本技术。
金融工程,本专业是以现代金融活动为研究对象，以金融创新为核心，综合运用是以数理分析为中心的现代金融理论、工具、技术与方法，创造性地解决金融问题的一门新兴金融学科，具有较强的应用性与技术性。本专业学生应掌握经济学、金融学、经济数学、计算机的基本理论和基础知识，掌握微观金融业务原理与操作实务，具有从事银行、证券、保险、投资、风险管理等相关业务的基本技能；具有较扎实的数理分析基础，熟练掌握现代信息化分析工具的应用；熟悉有关法规、政策和国际金融业的通行规则，了解本学科的发展动态；熟练掌握一门外语，具有较强外语应用能力，能利用外语获取专业信息；能熟练使用计算机从事业务工作。
信息与计算科学,本专业是由信息科学、科学计算、运筹与控制科学等交叉渗透而形成的新的理科专业，培养学生具有良好的数学基础和数学思维能力，掌握信息与计算科学的基本理论、方法和技能，受到科学研究训练，能解决科学研究与工程实际问题中的信息处理和计算问题；通过信息论、科学计算、运筹学等方面基础知识的教育和数学模型建模、数学实践课、专业实习，毕业设计等环节的训练，培养学生解决工程中的科学计算、软件开发和设计、信息处理和编码等实际问题的能力，培养能胜任信息处理、科学与工程计算部门工作。
信息工程,本专业是与现代工程技术密切相关的工科专业，以光电信息科学与技术为核心，其学习内容涉及数理基础、工程光学、信息光学、电子技术、光电技术、通信技术、测控技术、计算机等信息工程诸领域；培养学生具备光电信息科学与技术的基础理论、基本知识和基本技能，使学生成为具有坚实的数学物理基础、掌握激光与现代光学及光电子范畴相关理论和实验技能、熟悉电子技术和计算机应用技术的综合型人才。
智能电网信息工程,本专业是针对国家在新能源、新材料、信息化等战略性新兴产业的发展需要，紧密结合国家关于坚强智能电网建设所开设的一个新兴交叉学科专业。培养具有扎实专业理论和技能，兼具较强电气工程和信息工程的综合素质和创新精神，掌握电力系统通信技术、信息采集和处理的基本理论与技术，熟悉电力系统生产运行的规律与特点、智能电网的发展动态，受到卓越工程师高级训练，在新能源发电与智能接入技术、电网智能调度与控制技术、智能电网信息通信技术等方面学有所长，可以在网络化、信息化、智能化电气系统领域从事生产制造、工程设计、系统运行、系统分析、技术开发、教育科研等方面工作的特色鲜明的复合型高级工程技术人才。
税收学,本专业属于应用经济学科，它以企业经营管理中的税务问题为主要研究对象，培养学生理解国家税收政策和税收制度以及分析企业税务发展战略的能力；要求学生掌握经济学、管理学和法学的基本理论与基本分析方法，熟悉国内和国际税务、会计、金融等方面的法律法规与操作实务，较为熟练地掌握一门外语和计算机使用技能，具有较好的科研能力和一定的税收综合业务能力，能独立在税务师事务所、会计师事务所、各类企事业单位的涉税岗位、政府财税等部门从事税收业务工作。
财政学,本专业属于应用经济学科，主要研究政府部门在资金筹集和使用方面的理论、制度和管理方法，同时也研究企业在生产经营过程中的税收问题；要求学生系统学习和掌握现代经济学基础理论与基本知识，深入了解古今中外的财政思想和实践经验，掌握财政、税收基本理论及其相关法律法规及政策，熟悉中国税制、政府预算管理、政府债务管理、政府采购管理等理论与实务；具备扎实的经济学、管理学及财政学理论知识，掌握较强的财税业务实践能力和精湛的财税业务技能，具备进一步深造和从事财经研究的坚实基础，具备国际化视野和创新精神，能胜任各级财政税务部门、企事业单位、科研单位及其他经济管理部门的相关工作。
质量管理工程,本专业围绕产品质量、工程质量、服务质量领域所急需的应用型质量管理工程人才应具备的知识体系与能力体系的要求，以先进的质量管理理念的形成、质量安全关键技术的突破和质量科学理论的实践为中心,培养具有扎实的管理学、经济学基础理论，掌握现代质量管理工程领域的技术和方法，能对产品质量、工程质量和服务质量领域内的技术经济问题进行计测分析、评价、优化与创新，充分发挥标准的社会学和经济学效应，保护消费者权益，促进社会经济的和谐高效发展的质量管理高级专门人才。
动画,本专业为电影、电视、电子出版、互联网、移动媒体、游戏等数字媒体行业培养动画内容创作与创新人才；要求学生具有开阔的国际视野，良好的人文修养与艺术鉴赏力，系统掌握动画艺术理论和前沿的动画技术手段，具备较强的艺术创作实践能力，能够把握艺术创作与商业需求之间的平衡，将来可以从事动画项目策划、动画导演、动画编剧、动画设计制作、衍生产品开发等工作。
电子科学与技术,本专业为电子科学与技术专业领域，特别是微电子与光电子电路、器件、集成电路的设计与制造技术领域培养具有扎实的理论基础，宽广的知识面，能够用系统的观点分析、综合和处理科学技术问题，进行科学研究、技术开发和应用研究的高级工程技术人才。本专业主要培养学生宽广的知识，良好的学习能力，较强的解决问题的能力以及微电子与集成电路的设计与制造技术领域较扎实的理论基础，接受微电子实践的基本训练，使学生具备从事超大规模集成电路设计、开发、调测和工程应用的基本能力。
旅游管理与服务教育,本专业为旅游职业学校培养旅游管理专业教师，并为旅游行业培养应用型高级专门人才。通过本专业学习，使掌握旅游管理的基础理论、基本知识；掌握科学的学习与思维方法，具有运用旅游管理理论分析和解决问题的基本能力；熟悉我国关于旅游业发展的方针、政策和法规；了解国内外旅游业和现代服务业的发展趋势；掌握文献检索、资料查询的基本方法，具有一定的科学研究和实际工作能力，具有一定的创新思维能力；掌握创业的基本原理和方法，具有较强的创新意识和能力；具有较高的外语水平，拥有较好的国际交流能力；掌握教育学基本理论和旅游教学法，具备优秀的表达能力，能应用可视化等现代教学手段开展旅游教学工作。毕业后可从事旅游的教学、科研、管理工作。
信息对抗技术,本专业为体系与体系对抗、信息系统安全与对抗技术等领域培养具有扎实的理论基础，宽广的知识面，能够用系统的观点分析、综合和处理科学技术问题，进行科学研究、技术开发和应用研究的高级工程技术人才，包括通信对抗、雷达对抗、光电对抗、制导对抗、引信对抗、信息及网络安全技术等专业方向；学生主要学习电子电路理论与技术，电磁场与微波的理论与技术，信号理论与信息处理技术，计算机技术及应用，信息系统工程，控制科学与技术、信息对抗技术等，具备进攻与防御信息战技术系统及其决策支持系统以及民用信息安全防护等方面的基础理论知识和技术综合能力。
经济犯罪侦查,本专业学生通过系统学习刑事法学、经济法学、案件侦查、犯罪防范、财税金融、物证技术、司法会计等专业基本理论和基础知识，掌握涉及经济犯罪的法律法规，熟悉经济犯罪侦查和防范的基本理论、方法和技能，熟练运用经济侦查策略方法和物证分析技术，培养既有丰富的经济学知识，又有从事经济犯罪侦查防控工作的基本素质和实践能力的综合性应用型专门人才。
地球物理学,本专业学生应具备坚实的数理基础和较系统的地球物理学基本理论、基本知识和基本技能，应受到基础研究和应用基础研究的基本训练，具有较好的科学素养及教学、科学研究能力；掌握应用数学、物理学、地质学等方面的基本理论和知识；掌握地球物理学的基本理论、基本知识和基本实验技能，以及解决能源及矿产资源勘察、环境与工程地球物理等基本技能；了解勘查技术与工程、资源勘察与工程等专业的一般原理和知识；能在资源勘探和开发、地质灾害的预测和防治、国防工程与国家重大工程建设、生态环境保护以及对污染的监测等方面从事相关工作。
秘书学,本专业学生应具有广博的基础知识和精深的专业知识，系统掌握秘书学、文书学、逻辑学、应用写作、档案管理、形象礼仪、现代办公、企业和行政管理等方面的基本知识；熟悉现代办公流程，全面掌握打印机、复印机、多功能一体机、扫描仪和传真机等办公设备的操作及维护；具有良好的职业精神、深厚的语言文化素养和较强的企业与行政管理能力；具备适合秘书要求的听、说、写、做的能力，能够胜任行政机关、企事业单位、社会团体等部门从事文秘工作的应用型文秘人才。
社会学,本专业学生应掌握社会学基本理论和基础知识，具备一定经济学、管理学基础；熟悉社会统计分析方法，熟练运用STATA、SPSS等统计软件；具有较高的英语水平；熟练使用计算机；具有组织和实施社会调查、政策研究、项目评估、社会规划和社会治理的能力，能够从事社会研究、社会管理和公共管理，具备使用社会学理论、社会学的调查研究方法、社会统计学和分析及解决社会问题的能力。
新闻学,本专业学生应掌握新闻学基本理论，了解新闻实践的历史沿革及发展趋势，了解国内外新闻事业的现状与动态；掌握一定的经济学知识，具备从事经济新闻采访、写作、编辑、评论的业务能力；掌握媒体经营管理的基本理论，熟悉有关媒体经营管理的政策法规，具备从事媒体经营管理的基本素养；比较熟练地运用一门外语阅读专业书刊，并具有一定的听、说、写能力；能合在报社、杂志社、广播电台、电视台、通讯社、新闻网站等新闻单位从事采编工作和大众传播媒介的经营管理工作，也可以进入政府部门、大型企事业单位从事公关策划工作。
俄语,本专业学生主要学习俄罗斯语言、文学、历史、政治、经济、社会文化等方面的基本知识,受到俄语听、说、读、写、译等方面的语言基本技能训练；要求学生掌握扎实的俄语语言基础知识和语言基本技能，熟练俄语语言运用能力，并能通过教育理论课程和教育实习环节形成良好的教师素养，获得从事俄语教学和俄语教育研究的基本能力，以及胜任各种口笔语交际和翻译工作。
物联网工程,本专业学生主要学习计算机、电子、通信和自动化等相关学科的基本理论和基本知识；系统地掌握物联网技术领域的基本理论与基本知识、物联网体系结构、物联网感知与标识的基本理论与技术、物联网信息处理技术和物联网安全技术等专业知识，掌握物联网系统的软硬件设计和开发能力，具备在物联网系统及其应用方面进行综合研究、开发和集成的能力；未来可从事物联网及互联网的协议标准与系统、通信架构、无线传感器、信息安全等的综合设计、开发、应用、管理与维护工作，或可继续深造，在高校或科研机构从事研究和教学工作。
农林经济管理,本专业学生主要学习经济科学和管理科学的基本理论和相关的农（林）业科学基本知识，学会调查、策划、技术经济分析、计算机应用的基本训练，掌握企业经营管理、市场营销、政策研究等方面的基本能力；掌握管理科学和经济科学的基本理论、基本知识，具有相关的农业科学知识和较宽广的人文、社会科学知识；掌握企业经营管理、技术经济分析、经济核算、社会调查等基本方法；具有独立获取知识、计算机应用和信息处理、较好的语言和文字表达、组织协调、分析和解决实际问题等方面的基本能力；熟悉国家有关方针、政策和法规；了解农业经济科学的理论前沿和农业企业经营管理的发展动态；掌握文献检索、资料查询的基本方法，具有一定的科学研究和实际工作能力。
哲学,本专业学生主要学习马克思主义哲学基本原理、中国哲学和西方哲学等方面的专业知识，以及伦理学、逻辑学、美学、宗教学、科学技术哲学、管理哲学、政治哲学等方面的基础知识；受到中西方哲学的基本理论和发展线索的系统教育，以及创造性思维的培养和业务能力的训练；要求学生比较系统地掌握马克思主义哲学、中国哲学和西方哲学的理论和历史；具有一定的社会科学、人文科学、自然科学、思维科学的相关知识；掌握哲学学科的基本研究方法、治学方法和相应的社会调查能力；了解国内外哲学界最重要的理论前沿和发展动态；了解国内外最重大的实践问题和发展动态；具有分析和解决社会现实问题的初步能力。
缅甸语,本专业学生主要学习缅甸语语言、文学、历史、政治、经济、社会文化等方面的基本理论和基本知识，接受听、说、读、写、译基本技能的训练，有较广的知识面和较强的独立处事能力，有较高的综合素质，培养能在旅游、外事、外贸、文化、教研、国际广播电台、外文出版社等部门从事翻译、研究、管理工作的缅甸语的高级专门人才。
酒店管理,本专业学生主要学习现代酒店经营与管理的基本理论和基础知识，接受酒店经营管理岗位的基本技能训练和国际化酒店服务与管理职业素养培训，具备现代高星级酒店业经营管理理念，具有专业管理理论知识和熟练服务与管理的能力，能从事经营管理和接待服务的中高级管理工作；学生就业领域广泛，可以在涉外旅游企业、外资企业从事国际经营管理、会展策划与管理、酒店财务管理、酒店营销管理、酒店房务与餐饮管理、酒店人事与培训管理等工作，也可在政府管理部门和经贸管理部门从事行政管理工作。
日语,本专业学生主要学习相应语语言、文学、历史、政治、经济、外交、社会文化等方面的基本理论和基本知识，受到相应语听、说、读、写、译等方面的良好的熟巧训练，掌握一定的科研方法，具有从事翻译、研究、教学、管理工作的业务水平及较好的素质和较强的能力。
意大利语,本专业学生主要学习意大利语语言、文学、历史、政治、经济、外交、社会文化等方面的基本理论和基本知识，受到意大利语听、说、读、写、译等方面良好的熟巧训练，掌握一定的科研方法，具有从事翻译、研究、教学、管理工作的业务水平及较好的素质和较强能力。
制药工程,本专业要从事化学合成药物、中药的生产、过程设计、工艺革新及新药研制与开发方面的工作；要求学生掌握化学、药学、制药工程和化学工艺等方面的基础理论和基本知识；掌握药物合成，有机精细化学品的基本合成、改性和配方的基本原理和基本技能，培养具有制药过程方面的生产、经营管理、科研开发、应用研究的高级工程技术人才。
侦查学,本专业要求学生具备坚定正确的政治方向、严格的组织纪律观念和良好的职业道德，系统掌握侦查学的基本理论、基本知识和基本技能，具有较强的实践能力和创新能力；毕业生除公共课知识外，需掌握法学、侦查学的基本理论、基础能力，熟悉侦查方法和技术，掌握侦查学理论研究的基本方法，具备一定的科研和实际工作能力，能够在公安、检察、国家安全、军队保卫、海关、工商、税务、金融机构、监察、审计、高校及科研机构等部门从事侦查、稽查、刑事执法、专业教学、科研等工作。
天文学,本专业要求学生具备坚实的数理基础，掌握天文专业基础知识，掌握天文观测和处理技术，有较强计算机应用能力，能从事天文学及相关领域的研究、教学、科技开发工作。
国际事务与国际关系,本专业要求学生具备较强的政治素养和敏锐性；掌握扎实的外交外事专业知识；具备一定国际关系理论素养，了解国际关系历史与现状，具备较强的分析问题和解决问题的能力；掌握扎实的英语语言基本功和应用能力，能熟练地运用英语独立从事外事工作；具备资料检索、信息收集和综合分析等基本科研能力；了解我国国情和对象国家的社会和文化；能够胜任外交、外事日常工作，能够参与外交、外事谈判，能够在外交机关和外事部门、涉外企事业单位从事组织、管理、业务和政策调研工作，承担外交方面的口、笔译工作，能在党政机关、企事业单位、高校和科研等部门从事外交、外事、对外宣传等方面工作。
公安情报学,本专业要求学生具备良好的政治素质、科学文化素质和警察职业素质，掌握较扎实的公安学和公安情报学基础理论、基本知识和基本技能，具有从事公安情报信息获取、加工、管理以及分析研判工作需要的实践应用能力和初步研究能力，能在公安部门从事情报搜集、整理、分析、综合研判及应用工作和在国家安全、边防检查等部门从事相关工作以及在相关领域从事教学、科研工作。
禁毒学,本专业要求学生具备良好的政治素质和人文素质，全面系统地掌握禁毒学基础理论和基本知识，了解禁毒工作的发展现状，掌握禁毒工作基本技能，熟悉相关法律、法规，能够适应公安机关、检察院、法院、司法机关、海关及政府各级禁毒部门开展禁毒工作需要，能在相关部门从事毒品预防、戒毒、禁毒及社会服务等实务工作和理论研究等工作。
信用管理,本专业要求学生具备扎实的经济学和金融学理论基础知识，掌握资信评级与信用管理方面的基本理论，熟悉数理统计和计量经济基本分析方法，掌握现代信用管理专业必备的基本理论知识、专门知识和岗位操作技术与能力，能在政府部门、金融部门、企业单位从事信用政策的制定、资信调查、信用评级、企业的客户关系管理、风险控制等相关业务工作，以及在高等院校从事信用管理教学、科研方面的工作。
商务经济学,本专业要求学生具备扎实的经济学理论基础；系统掌握商务经济学、金融学和财富管理的基本原理和应用技能；熟悉现代市场经济、商务活动和金融市场的运行规律；具备较强的商务统计与分析、商务决策与计划、商务运营与控制、商务经纪与咨询、金融业务与拓展、商务理财与规划等现代商务技能和财富管理技能。
大气科学,本专业要求学生具有大气科学等方面的基本理论、基本知识和基本技能，受到科学思维、科学实验和信息处理等方面的基本训练，掌握气象信息获取、分析及应用、天气预报、气候资源的分析与评价、短期气候预测的基本方法，具有进行大气科学基础研究或应用研究、理论分析、数据处理和计算机应用的基本技能；能在气象、海洋、环境保护、航空航天、政府部门、高等院校、科研单位及部队从事气象学、气候学、大气环境及相关学科等方面的科研、教学、科技开发及相关管理工作。
应用气象学,本专业要求学生具有良好的科学素养和坚实的大气科学、生物科学和环境科学等方面的基础，掌握气象信息服务系统研制与运用、气候资源开发与利用、产业工程的适用气象技术研究、气象防灾减灾对策与技术研究、生态环境调控以及解决气象学在有关领域中应用问题等方面的基本能力，具有较强的知识更新能力和较广泛的科学适应能力；能够在农业气象及生态环境监测调控、信息分析处理、资源开发利用和防灾减灾等科研、教学和业务部门工作。
小学教育,本专业要求学生具有良好的思想品德、社会公德和教师职业道德以及求实创新精神；具有扎实、宽厚的文化科学知识，具有较为扎实、系统的学科专业的基本理论、基础知识和基本技能，具有较为系统的小学教育理论知识，能承担活动课教学，具有基本的教育教学能力、教育管理能力和教育科研能力，能从事小学教育、教学、研究和管理工作。
犯罪学,本专业要求学生具有良好职业素养、科学素质和人文素养，熟悉党和国家的路线、方针、政策，掌握本专业基础理论、基本知识与基本技能，具备开展违法犯罪矫治矫正、群众工作及犯罪预防、公安民警心理健康工作的职业核心能力和创新精神，能够在公安派出所从事社区矫正、犯罪预防、纠纷调解等工作，在公安监管场所从事违法犯罪人员的矫治矫正工作，在公安政工部门从事民警心理健康工作，以及在其他政法机关从事相关工作。
地理科学,本专业要求学生具有扎实的地理学基本理论、基本知识，掌握地理学基本实践和实验技能和基本思想方法和工作方法，初步具有从事地理科学的研究能力；了解地理科学最新进展和地理教育最新研究成果，具备运用现代教育技术开展地理教学的基本能力；掌握资料查询、文献检索及运用现代化信息技术获得相关信息的基本方法，具有较强的科研能力；能胜任中等学校地理必修课、选修课、活动课和班主任工作，能从事地理教学研究和其他教育工作。
心理学,本专业要求学生具有扎实的自然科学和人文社科训练；掌握心理学的基本理论和广泛的心理学知识；掌握心理学基本研究方法，具备发现、分析和解决问题的能力，以及知识自我更新与不断创新的能力，能适应科学研究的需要；具有一定的科学研究能力，可从事心理学及相关专业教学、科研及应用研究；本科毕业后，可继续攻读硕士、博士学位，或在组织管理、学校教育、咨询临床等领域从事心理学应用相关的职业。
网络与新媒体,本专业要求学生能够把握传统媒介和新媒体与信息网络领域的变革趋势；理解信息网络交叉融合的发展方向、新媒体与信息网络业态的多样性；掌握和运用新媒体内容策划与制作、新媒体与信息网络的传播战略、现代互动营销理论和媒体经营模式、新互动广告类型策划与创意、新媒介数据监测系统分析应用等知识结构体系，最终培养能够服务于广播电视网络、通信网络、互联网络等各种新媒体行业所急需的高级复合型专业人才。
汉语国际教育,本专业要求学生熟练掌握汉语言文学的基本理论和知识，具备良好的汉语言文字学和文学修养；具备良好的普通语言学基本知识和基本理论，掌握第二语言习得理论和非母语汉语教学基本理论，受到教育学、心理学和教学法的指导和训练；具备坚实的文史基础以及较宽广的文化视野，对中国和世界文化、历史、艺术及相关的社会科学、人文科学与自然科学有一定的了解；熟悉教育法规、现代教育理念，掌握现代信息技术，有较强的计算机操作能力和运用现代教育技术辅助教学的能力；英文基础扎实，有良好的听、说、读、写以及翻译能力；有较高的普通话水平，较强的沟通能力，良好的口语和书面语表达能力以及应变开拓能力，能在国内外相关学校或企事业单位从事汉语教学、跨文化传播及相关工作的专业人才。
广告学,本专业要求学生熟练掌握现代广告理论，了解广告实践的历史沿革及发展趋势，了解国内外广告业的现状与动态；掌握现代广告经营管理的基本知识，具有行业经济、国际贸易、公共关系等方面的知识，具备从事广告调研、策划、创意、设计、制作、发布的业务能力；熟悉广告活动的业务流程，熟悉有关广告的政策法规；比较熟练地运用一门外语阅读专业书刊，并具有一定的听、说、写能力；能在广告公司、广告媒体、广告客户、国家行政机构等单位，从事广告经营、广告管理、广告策划、广告创意、广告传播、公关策划等方面的工作，也可以从事广告方面的教学与科研工作。
警务指挥与战术,本专业要求学生熟悉和掌握公安各主要业务工作及法律知识，全面系统掌握警务指挥与战术的基本理论与应用技术，具备较高的战术素养和作战技能；较全面系统地掌握反恐、处突、防暴的基本理论与应用技战术，具备较高的执法作战技能，能够在公安一线从事防暴处突，在各级公安部门从事执法行动指挥及警务指挥，或在公安机关从事警务实战训练工作。
经济学,本专业要求学生系统掌握经济学基本理论和相关的基础专业知识，了解市场经济的运行机制，熟悉党和国家的经济方针、政策和法规，了解中外经济发展的历史和现状；了解经济学的学术动态；具有运用数量分析方法和现代技术手段进行社会经济调查、经济分析和实际操作的能力；具有较强的文字和口头表达能力的专门人才，能熟练掌握一门外语。
思想政治教育,本专业要求学生在掌握扎实的马克思主义理论功底的同时，广泛涉猎哲学、法学、政治学、管理学、社会学、心理学、教育学等多学科知识基础；学生要在理解人类文明发展史的基础上掌握马克思主义基本理论；要在对中国现代化历史和现实的学习中深刻理解中国的国情、社情、人情；理解中国特色社会主义的理论与实践；要在对思想政治教育及相关知识技能的学习中掌握思想政治工作的基本能力。
中国少数民族语言文学,本专业要求学生掌握本专业的基本知识以及与专业有关的新闻、历史、哲学、艺术、计算语言学、心理学、教育学、行政管理学、文书学、逻辑学、民族学等相关学科的知识；具有较强的语言、文学修养和鉴赏能力，能阅读古典文献；了解我国关于民族语言文字和文学艺术的方针、政策及法规；了解本学科的前沿成就和发展前景；掌握有关民族文献资料的查询方法，有较强的写作能力和一定的实际工作能力以及初步的科研能力；在少数民族教育文化部门及相关单位从事有关少数民族语、文字、文学、文献的教学、研究、编辑、翻译、新闻、文学创作等方面的工作。
海洋科学,本专业要求学生掌握海洋科学基本理论、基本知识和专业技能；具备物理海洋学、化学海洋学、海洋生态学、海洋调查及数据处理分析、海洋资源开发利用与保护等方面的知识和基本技能；具有初步的海洋科学调查与研究能力的综合素质；能在海洋生物、海洋化学的基础理论研究、海洋生物和化学资源调查、海洋环境监测等领域从事科学研究、教学与管理工作。
体育教育,本专业要求学生掌握较系统的教育心理科学、体育生物科学、体育社会科学和体育技术学科的基础理论，全面掌握体育教育的基本理论、基本技术和基本技能，并在全面发展的基础上有所专长，毕业后能够胜任学校体育教学、课余运动训练、体育部门的管理和科研工作。
投资学,本专业要求学生掌握经济学、金融学、管理学的理论知识，通晓投资相关学科主要理论和方法，熟练掌握金融资产价值与风险评估、组合投资、资本运营、公司理财等微观金融业务技能，熟悉国内外经济形势及投资管理运作，具有较强的投资策划、决策与管理能力，能在政府部门、教学科研单位、金融机构、实业公司、事业单位等从事相关工作。
世界史,本专业要求学生掌握历史学科的基本理论和基础知识，对社会科学、人文科学与自然科学有一定的了解；掌握历史学的基本研究方法与分析方法；具有从事历史研究的初步能力和较强的口头表达和文字表达能力；熟悉古文字学、版本目录学、音韵学、史料学、历史地理学及考古学等方面的基础知识；了解国内外史学界重要的理论前沿和发展动态；掌握文献检索，资料查询的基本方法；具有从事世界历史专业的研究与教学能力，并能满足各级政府机关和企事业单位对涉外人才的需要。
人文教育,本专业要求学生掌握历史与社会的基础知识、基本理论和基本技能；具有较宽厚的人文社会科学知识，并了解一定的现代科学技术知识，应用现代化的教学设备教学；具有较强的教学研究能力、社会实践和社会调查的能力；掌握人文科学教育教学规律，具有扎实的教师基本技能，具备完备人文社会科学的教学能力和较强的班级管理能力，能在基础教育学校和中等职业教育学校从事人文学科综合课程及相关分科课程教学工作。
历史学,本专业要求学生掌握历史专业的基础知识、基本理论和基本技能，对历史学科前沿和发展动态有所了解，具有较宽的知识面；具有独立获取知识、提出问题、分析问题和解决问题的能力；得到初步的科研训练，掌握基本的科研方法，具有一定的开拓创造精神；能在国家机关、文教事业、新闻出版、文博档案及各类事业单位从事实际工作。
涉外警务,本专业要求学生掌握马克思主义基本原理，政治坚定，具有良好职业素养、科学素养和人文素养，熟悉党和国家的路线、方针、政策，掌握本专业基础理论、基本知识与基本技能，具备开展涉外警务工作的专业核心能力和创新精神，能够在各级公安机关从事涉外警务工作以及在其他政法机关从事相关工作。
社会体育指导与管理,本专业要求学生掌握社会体育方面的基础理论和基本知识，掌握指导大众体育、养生健身、休闲娱乐及特殊人群运动、健身的基本技能，毕业后能够胜任社会体育领域中的实际工作和理论研究；能够把握休闲体育活动规律和洞察体育休闲市场变化，在休闲体育活动中，有效地从事推广、指导、经营、和规划工作，有效地进行产品策划、设计与开发，并组织各种休闲类体育活动。
运动人体科学,本专业要求学生掌握生物科学、临床医学和体育学的基本理论、基本知识；掌握体育保健与康复的工作方法、运动员身体机能诊断与评价；掌握文献检索的基本方法，具有从事运动人体科学教学、研究和实验操作的基本能力；熟悉党和国家体育事业、科学研究、社会发展方针、政策和法规；了解本专业及相关学科的发展动态和理论前沿；能从事运动人体科学、体育保健康复方面的健身指导、治疗、教学、科研及竞技运动科研攻关、服务等工作。
武术与民族传统体育,本专业要求学生掌握武术、传统体育养生、民族民间体育的基本理论与基本知识；掌握本专业的技术技能与功法；具有在本专业领域进行教学、训练、指导与管理的基本能力；熟悉国家所制定的与本专业有关的方针、政策与法规；了解本专业的国内外发展动态；能从事武术、传统体育养生及民族民间体育工作。
化学,本专业要求学生掌握系统的化学基础理论知识，具备扎实的化学实验基本操作技能，了解化学学科的最新知识及学科发展的前沿状况，具有向不同领域发展的潜力和素质，特别是在交叉学科的进一步深造方面具有优势；旨在培养富有科学研究的创新和挑战精神并能适应社会发展的高素质、复合型人才，并能在大中型高新技术产业、公司、科研单位、高等院校从事科研、教学、开发和管理工作。
休闲体育,本专业要求学生掌握休闲体育相关学科的基本理论、基本知识；掌握指导休闲体育、大众健身、体育旅游、体育赛事相关的运动技术和技能；具有从事休闲体育活动的组织管理、咨询指导、经营开发及教学等方面的基本能力；了解国内外在休闲体育的前沿状况和发展动态；掌握指导与服务、开发与管理、策划与设计的基本能力；能从事休闲体育健身俱乐部工作、休闲体育指导与服务、体育旅游项目开发与管理、休闲体育产品策划与设计等工作。
学前教育,本专业要求学生掌握学前教育的基本理论，形成正确的儿童观和教育观；树立学前教育工作者的专业意识，了解学前教育工作者的基本职责；对学前教育工作拥有热情与兴趣；具备基本的钢琴演奏、绘画和手工、舞蹈等艺术教学技能，及运用现代化教育技术手段开展教育、教学的能力；培养具备全面的学前教育专业知识与技能，较强的教育心理科学素养，能在各种儿童教育机构、教育行政与科研部门、广播电视和图书出版部门，以及各级各类师资培训部门等从事儿童教育、教学科研等工作的高级专门人才。
运动训练,本专业要求学生掌握运动技术学科、运动人体学科、教育心理学科的基本理论、基本知识；掌握一般运动训练和专项运动训练的分析方法和技术；具有从事专项运动训练与教学、竞赛组织与裁判等工作的基本能力；熟悉我国体育工作运动训练、运动竞赛等方面的方针、政策和法规；了解一般运动训练和专项运动训练的发展动态；能够在专业运动队、各类体育院校、普通高等院校运动队、体育传统项目学校、各级体育俱乐部、业余体育学校等单位从事运动训练、教学、科研和管理等工作。
贸易经济,本专业要求学生掌握扎实的经济学和管理学基础理论和方法；掌握内、外贸企业经营管理所需的经济、法律、财会、数学、金融等多方面的基础知识；熟悉国内外市场及其商业模式；熟悉资本市场和企业经营管理知识，具备较高的英语水平；具有较强的科研能力、市场调研和市场预测能力；能熟练运用外语和计算机技术，具备广泛的经济与管理能力。
地质学,本专业要求学生掌握自然科学基础知识和地质学基础理论、基本知识；系统接受地质基本工作技能、地质科学研究和计算机应用、外语交流的训练；概略学习相关学科基础知识和人文社会科学知识；人才培养实行导师制，引导科研生产活动，培养基本研究能力和较强的实践能力；熟练掌握一门外语；能够在科研机构、高等院校从事地质科学研究或教学工作，在海洋、石油、地矿、珠宝、材料、环境、基础工程、旅游开发等部门从事技术开发与技术管理工作。
过程装备与控制工程,本专业以工业生产过程为控制对象，以控制理论和控制工程为基础，以自动化仪表和微型计算机为技术手段，对工业生产过程参数在线检测和控制，实现生产过程自动化及生产管理最优化；要求学生掌握控制科学与工程、化工原理及化工工艺等基础理论和知识，掌握工业生产过程检测与控制的专业知识，掌握仪器仪表开发与微型计算机应用的专业知识，培养从事工业生产过程检测与控制系统设计、智能仪器仪表设计、微计算机应用及其软件开发工作的高级工程技术人才。
飞行器动力工程,本专业以航空宇航科学与技术、（热）力学、机械工程为主干学科，重点学习飞行器推进系统原理与设计及相关学科方向的基础理论和专业知识，培养具备飞行器动力装置及其他热动力机械的设计、研究、生产、实验、运行维护和技术管理等方面基础理论知识及能力的高级工程技术人才。
武器发射工程,本专业以航空宇航科学与技术、力学、机械工程、控制科学与工程为主干学科，重点学习内弹道学、发射装置设计等学科方向的基础理论和专业知识，培养具有武器发射系统总体、战斗载荷发射和飞行控制技术以及机械工程、自动化等民用工程技术方面的理论知识和工程实践能力，能在有关科研单位、高等学校、生产企业和管理部门从事火炮和自动武器、火箭和导弹发射以及民用机械的设计、技术开发、产品制造、实验测试和科技管理工作，具有较好的人文社科和管理知识、良好的职业道德素质、身心健康、全面发展的高素质工程科技人才。
飞行器设计与工程,本专业以航空宇航科学与技术、力学、控制科学与工程为主干学科，学习飞行器总体设计、飞行器结构设计、飞行器飞行力学与控制等学科方向的基础理论和专业知识，主要培养航天航空领域中从事飞行器总体设计的理论研究与试验、设计与开发以及技术管理等工作的高级工程技术人才。
葡萄与葡萄酒工程,本专业以化学、生物学、食品科学和药学为基础，培养学生系统地掌握葡萄与葡萄酒学相关的基础理论、专业知识和技能，具有葡萄酒的原料生产、酿造工艺、营养保健、分析检测、生产设备维护及市场营销、市场开发的基本技能，能在葡萄与葡萄酒相关领域科研、教学、生产设计与管理、酒鉴赏和文化推广，具备复合型知识和综合运用能力，促进中药学、生物技术、制药工程学和食品科学的交叉融合。
高分子材料与工程,本专业以化学和材料科学与工程为主干学科，学习高分子的分子设计、合成、结构与性能、应用等方面的基础理论、专业知识和实验技能以及计算机的应用等现代科技和设计手段；本专业培养的学生具有理工交叉的特点，学生既可以从事新型聚合材料的研究，又可以从事材料制备、加工工艺技术开发和生产技术管理工作。高分子材料与工程主要专业课有：高分子化学、高分子物理、高等有机化学、物质结构、材料学概论、材料科学基础、聚合物成型加工与应用等课程。
历史建筑保护工程,本专业以建筑学学科为基础，主修建筑遗产保护理论、建筑历史与理论，兼修建筑设计及其理论、城市规划与设计、土木工程学、建筑技术科学、艺术学、历史学、美学等学科内容，要求学生系统掌握历史建筑与历史环境保护与再利用的理论、方法和技术，着重培养有较高建筑学素养和特殊保护技能的专家和未来的专业领导者。
国际经济与贸易,本专业以经济学、国际贸易为主干学科，培养学生系统学习国际贸易、国际金融、国际市场营销、国际商法等方面的专门知识和技能，深入了解国际经济的发展趋势及国际市场运行规则，熟悉我国对外经贸方针、政策；使学生掌握分析经济、法律、文化、技术等国际商务环境的基本方法以及计算机等现代科技和管理手段；强调熟练的英语应用能力。
光电信息科学与工程,本专业以理工融合为特色，依托学科为电子科学与技术、计算机科学与技术、信息与通信工程，主要培养学生掌握光电信息科学与技术领域的基础知识和基本技能，为将来在光电信息处理、光电子学、电子信息技术、通信技术等领域从事科学研究、产品设计和开发奠定坚实的基础。本专业的课程设置对光电子器件及应用、光电信息处理、宽带光纤通信系统的设计与应用有所侧重。毕业生可在光学、光电子学、激光技术、光通信技术、光信息处理技术、计算机应用技术等领域从事教学、科学研究、产品研发、生产技术管理等工作。
弹药工程与爆炸技术,本专业以力学、材料科学、机械工程为主干学科，学习战斗部工程设计、爆炸应用及装药、安全与防护、爆炸技术等学科方向所需的基础理论和专业知识，以及计算机应用等现代科技和设计手段；强调坚实的理论基础、创新的思维方法、熟练的计算机应用技能；培养弹药工程与爆炸技术领域内从事理论研究、分析与综合、工程设计与开发和技术管理等工作的应用型高级工程技术人才。
安全工程,本专业以力学、化学、机械工程为主干学科，重点学习与工程系统与产品的碰撞冲击损害机理、系统安全性评估和监测，易燃易爆物质的安全性评估和安全防护设计，环境安全与监测等学科方向的基础理论和专业知识；主要培养从事安全防护技术与工程领域的理论研究、实验研究、设计开发及安全监测、监理维护以及技术管理等工作的安全工程学科技术管理人才。
机械电子工程,本专业以力学、机械工程、电子科学与技术、控制科学与工程为主干学科，重点学习机电系统设计、控制系统设计等学科方向所需要的基础理论和专业知识；要求学生具备机械、电子、控制等学科的基本理论和知识，具有机械设计与制造、自动化设备以及生产系统的自动控制与检测、计算机应用技术等方面的基本技能；能在机电行业及相关领域从事机电一体化产品和系统的设计制造、研究开发、工程应用、运行管理等方面工作。
绘画,本专业以培养高水平绘画专业人才为目标，要求毕业生具有高度的文化责任感和艺术使命感，较高的艺术鉴赏水平和强烈的创新意识，有较宽博的文化理论基础素养和扎实的专业技能，可以独立进行绘画创作及理论研究。毕业生就业去向主要为高校、画院、美术部门、媒体等。
朝鲜语,本专业以培养学生听、说、读、写、译为基本出发点，训练、提高学生的语言运用能力；培养具有全面扎实的韩国语基础知识和运用能力，能在外事、经贸、文化、新闻出版、教育、科研、旅游、管理等部门工作的韩国语专门人才。
公共艺术,本专业以培养装饰绘画创作、环境壁画与景观设计为主要目标，兼具平面设计、动画图形设计等相关专业能力的设计及教学、研究的高级专门人才；要求学生具备良好的艺术修养和艺术造诣，掌握公共艺术设计的理论知识，了解本学科的发展趋势和前沿动态，熟悉各类工艺材料的特性及制作方法，具备壁画艺术与景观设计、装饰绘画创作以及相关的平面设计、动画图形设计等方面的综合能力。
车辆工程,本专业以汽车底盘、车身、电气设备的设计、制造、试验研究为主要内容，包括：汽车总体论证、设计、分析与试验；汽车主要零部件的设计、分析与试验；汽车车身结构和车身造型的设计与研究；汽车电器、电子与信息技术；汽车制造工艺；新能源汽车技术；培养掌握传统汽车和新能源汽车总体、主要零部件、电控及信息、电传动等现代汽车技术，为汽车工业培养汽车产品设计、制造、运用、研究和检测及试验等方向的、工程实践能力和创新能力强的拔尖创新型技术人才。
森林工程,本专业以社会对森林工程专业人才需求为导向，培养基础扎实、知识结构合理、专业面宽、能力强，能够在林业及相关行业企事业单位从事森林工程等方面的生产技术与组织管理、林区道路与森工规划、森工机械与装备设计及运用等方面工作的复合应用型高级专业人才；毕业生能在林业、交通、土建等部门的企事业单位、科研院所从事森林工程、道路桥梁的勘测、设计、施工、管理等工作。
社会工作,本专业以社会学、心理学为主干学科，学习社会行政、社会政策、社会福利等宏观理论知识；学习社会工作的主要方法；学习儿童、家庭、学校、企业等领域的社会工作专业知识及具体工作方法；掌握计算机与统计等现代科技手段；强调坚实的理论基础，注重社会实践能力的培养；强调学生的社会责任感，重视人文关怀精神和实际社会服务能力。
水务工程,本专业以水资源的开发、利用、节约、保护、管理等水事活动为主要研究对象，以满足城市及工农业所需的水质水量为目标，以适应国民经济和社会的可持续发展为目的，培养具备水文水资源学工程、水利工程、环境工程、技术经济学与管理学方面的基础知识与应用能力，能在国民经济各部门从事水务规划设计与管理、科研开发、应用研究等方面的高级工程技术人才。
应用物理学,本专业以物理学为主要内容，了解物理的理论前沿、应用前景和最新发展动态以及相关高新技术的发展状况，掌握物理理论以及相关的工程技术知识，进行基础研究和应用技术方面的科学思维和科学实验训练；旨在培养能在大中型高新技术产业、公司、科研单位、高等院校从事科研、开发、教学和管理工作的高级应用型人才；具有向不同领域发展的潜力和素质，特别是在交叉学科的进一步深造方面具有优势的人才。
应用生物科学,本专业以现代生物技术为核心，培养具备化学和生物学的基本理论和基本技能，可在相关部门和单位从事农产品有害物质分析检测、植物检疫、微生物发酵产品研发、转基因生物风险评估等方面的教学、科研与管理工作的高级科学技术人才；学生主要学习农业有害生物学、应用微生物学和转基因生物管理等方面的基本理论和基本知识，接受植物检疫、农产品有害物质分析检测、转基因生物风险评估、微生物发酵、入侵生物防控等方面的基本训练，具有从事农业有害生物综合防控、微生物发酵产品研发、转基因生物风险评估、农产品质量安全控制等方面工作的基本能力。
种子科学与工程,本专业以植物遗传育种为基础，研究各类作物种子生产、种子质量控制及提高种子商品性的种子加工包装贮藏等理论与技术；学生在掌握生物科学及植物遗传育种、耕作栽培学的基本知识和理论基础上，接受种子生产、贮藏加工、种子检验、经营管理、成本会计、国际商法等专业知识、技能的学习训练，具备植物育种、种子加工贮藏、种子质量检测、种子营销基本理论和基本技能，能在种子相关部门或单位从事教学与科研、技术与设计、推广与开发、经营与管理等工作。
自动化,本专业以自动控制理论为主要理论基础，以电子技术、计算机信息技术、传感器与检测技术等为主要技术手段，对各种自动化装置和系统实施控制，是计算机硬件与软件结合、机械与电子结合、元件与系统结合、运行与制造结合，集控制、计算机、电气、机械为一体的综合性学科专业。本专业既强调学生有扎实的理论基础，也突出学生的实践技能，并注意加强学生在工程技术方面创新能力的培养。
分子科学与工程,本专业优化化学与化工教学内容，增添新的交叉学科知识，培养适应国家发展需要的，拥有宽广深厚的化学、化工基础，具备较强创新意识、基础科学研究能力和功能性化学新产品研发与产业化能力的复合型高素质人才。
风景园林,本专业与建筑学、城乡规划学共同构成三位一体的人居环境设计学科，是建筑学、城市规划、环境艺术、市政工程设计、动植物学等多学科交叉的综合学科，其宗旨是综合利用科学和艺术手段设计美好的室外生活环境。本专业培养基础扎实，知识面宽，专业素质高，实践能力强，具备风景园林规划设计、文化景观与遗产保护设计、绿地公园规划设计、园林古建筑设计、城市设计等方面的知识的专业应用型人才。在校期间，学生可获得园林绿地规划与设计、风景名胜区规划、城市景观规划设计、园林建筑设计、风景园林工程设计及园林植物种植设计等领域的基本理论和基本知识；受到绘画技法、制图方法、风景园林表现技法、规划设计方法等方面的综合训练；具有运用所学艺术理论、设计理论，进行风景园林艺术设计及表达、园林施工与组织管理的基本能力。
海洋渔业科学与技术,本专业在渔获机理与渔具设计、渔业资源养护与增殖工程、养殖工程、渔业管理等现代渔业科学与技术方向，培养专业知识扎实、实践能力突出、创新意识活跃的复合型人才，能够从事海洋渔业资源开发与养护、设施渔业工程设计、渔业管理、渔政管理与渔港监督等相关领域的教学、科研、管理及技术开发工作；毕业生可到海洋、水产系统的企业和相关产业管理部门从事工程技术与管理工作，或到高等院校和科研单位从事研究与教学工作，也可报考我校增殖养殖工程、渔业经济与管理、渔业资源、捕捞学等相关硕士、博士学科点继续深造。
轻化工程,本专业掌握轻化工程基础知识和纺织服装染色、整理等专业知识，具有从事纺织服装材料染色和整理相关领域科学研究、技术开发、生产管理、产品经营与贸易等工作能力的应用型高级专门人才；要求学生掌握服装及其它纺织品色彩的设计与加工原理及方法；掌握服装面料性能的测试技术，具有纺织品检测与评价能力；具有应用计算机进行纺织品色彩、性能设计的能力；具有利用英语进行专业知识学习、文献检索及技术交流的能力；了解生产管理和产品经营知识，具有具有一定生产管理和产品经营能力。
港口航道与海岸工程,本专业着重学习掌握近海及江河开发中的河床演变、航道与河道整治问题；学习河流水沙运动基本规律，学习掌握港口工程、航道工程、治河防洪工程方面的基本理论知识和设计方法；以近海工程、港口工程、航道工程、河道整治与取水工程、流域开发、防洪减灾为主要学习、服务对象，培养基础扎实、创新能力强、综合素质高的复合型高级工程技术人才。
纳米材料与技术,本专业着重于纳米材料制备、纳米结构及性能表征、纳米材料加工技术和应用等技术方面的培养，满足微电子和光电子材料与器件、新型功能材料、高性能结构材料等战略性新兴产业领域中从事与纳米相关的技术开发、工艺和设备设计、技术改造及经营管理等工作的卓越工程师的用人需求，并为纳米科技领域的高层次人才培养打下坚实基础。本专业学生主要学习材料科学方面的基本理论、基本知识和基本技能，受到科学思维与科学实验方面的基本训练，具有运用纳米科学与技术的基础理论、基本知识和实验技能进行材料研究和技术开发的基本能力。
城乡规划,本专业针对我国快速城市化背景下的人才需求，为城市建设与城市管理培养复合型高级人才，涵盖城市空间规划与设计，城市管理与法规，城市历史保护，交通规划，景观规划等方向。在校期间，学生除学习自然科学、人文社科基础知识外，还将学习工程图学、测绘学、城市规划设计、城市规划管理与法规、城市道路交通、城市基础工程、城市生态学、城市经济学、城市地理学等专业课，通过场地设计、修建性详细规划、城市设计、控制性详细规划、城市总体规划、区域规划等为主干的系列课程学习，辅以建筑设计、景观设计等课程学习，使学生受到城市空间设计、城市规划管理、城市问题研究等方面的基本训练，具有较强的城市问题分析能力和城市规划设计能力。
翻译,本专业旨在培养国家与社会急需的专业口、笔译人才。要求学生具备良好的英汉双语表达、沟通与转换能力，拥有一定的口、笔译实践经验，具有成为职业翻译工作者的从业实力、心理素质和职业道德素养，熟悉英语国家与中国的历史文化和文学传统，了解政治、经济、科技、法律、教育、金融商贸等主要社会生活领域，能够胜任全球化背景下的国际交流。该专业毕业生可在政府或企事业单位的外事部门、中国驻外机构、对外或涉外出版社、传媒单位的海外部、涉外企业以及跨国公司从事口笔译工作，也可以成为提供专业口笔译服务的自由职业者。
环境科学与工程,本专业旨在培养具备环境科学的基本理论、基本知识、基本技能和专业素养的环境学科复合型人才，能在高等学校、科研机构攻读硕士或博士学位，或进入企事业单位、研究院所、高等学校、政府等部门从事环境工程、环境科学研究、教学、环境管理、环境评价和环境监测等工作的高级应用型人才；要求学生掌握环境科学与工程专业的基本理论知识，接受实验技能、工程实践、计算机应用、科学研究与工程设计方法等的基本训练，具备对当今环境质量进行研究和评估、对企业的环保工程进行革新改造，并能进行环保新型产品的开发设计的基本能力。
生物科学,本专业旨在培养具备良好的现代生命科学基本理论、基本知识和基本技能，能够从事工业、医药、食品、农、林、牧、渔、环境保护、园林等行业的企业、事业和行政管理部门从事与生物科学、生物技术相关的应用研究、技术开发、生产管理、行政管理等工作高级专门人才；本专业要求生具有扎实的数理化基础，掌握系统的生物科学的基本理论基本知识和基本技术，受到系统的专业理论和专业技能训练，具有较好的科学研究、技术开发、教学及管理等方面的能力。
资产评估,本专业旨在培养具备扎实的经济学、管理学基础理论知识，以及资产评估理论知识，具有能够出色完成各类资产价值分析和评估的专业能力，并具有国际化视野的创新型、应用型、复合型专门人才；学生应系统掌握经济学、管理学基础理论与基本知识，全面掌握企业资产、无形资产、金融资产、房地产等各类资产的价值评估理论和方法，熟悉国内外与资产评估业务有关的方针、政策和法律法规，熟练掌握一至两门外语，具有较强的外语阅读能力及相当的外语听、说、写、译能力，能利用外语获取专业信息，能熟练使用计算机从事实际业务工作和研究工作。
服装与服饰设计,本专业旨在培养具有国际视野创新服装设计人才；要求学生掌握服装设计的基本理论、基本专业知识和基本专业技能，理解设计的概念和掌握设计方法，注重设计创造能力和动手制作能力的培养，及时把握时尚潮流并能够进行流行趋势预测，具备较强的市场设计意识和市场竞争能力。
电子商务,本专业旨在培养具有互联网思维，掌握和善于运用信息技术的商务、管理人才，为政府、金融机构、企业及其他机构输送从事电子商务与电子政务系统建设与管理、金融行业信息化服务与咨询决策、互联网企业财务数据分析等工作的专业人才；学生应具有扎实的经济与管理理论基础，掌握信息科学技术与手段，具备使用现代信息技术开展商务活动和从事电子商务系统建设与管理的能力；具有良好的沟通能力、团队协作能力和正确的价值观；具有较强的利用网络平台和信息手段从事调研、分析、解决实际问题的能力和一定的科研能力；熟练掌握一门外语，具有较强的阅读能力和良好的听、说、写、译能力，能利用外语获取专业信息。
电磁场与无线技术,本专业旨在培养具有坚实的电磁场理论与工程基础，较强的射频、微波电路与系统开发能力，同时具有良好的通信技术基础的高级工程技术人才；要求学生掌握电磁波的产生、传输、辐射、传播、接收的基础知识、基本理论和工程应用知识，掌握电子信息系统中射频、微波电路及天线等相关领域的计算仿真、设计与制作技术；毕业生可从事有关电磁场与无线技术工程领域的研究开发，涵盖射频与微波系统、无线通信、雷达、遥控遥测、遥感、电子测量、电子对抗、射电天文、无损检测、电磁散射、电磁兼容、环境电磁等领域。
船舶与海洋工程,本专业旨在培养具有坚实的自然科学和工程技术基础，受到较强工程实践和研究能力训练，掌握船舶与海洋工程学科的基础知识，具有较高的外语和计算机应用能力，能够从事船舶与海洋工程领域内的设计、建造、检验和管理等方面工作的高级专业人才；毕业生可到沿海地区从事船舶与海洋工程设计制造的大型企业及机关部委从事设计、制造和检验等工作。
英语,本专业旨在培养具有较扎实的英语语言知识基础、较强的英语运用能力和广泛的人文、科技、经贸等专业基础知识，毕业后能从事翻译、教学、商贸、管理、国际文化与科技交流领域工作的高级英语人才。英语专业学生主要学习英语语言、文学，英美等英语国家历史、政治、经济、外交、社会文化等方面基本理论和基本知识，受到英语听、说、读、写、译等方面的良好的技巧训练，掌握一定的科研方法，具有从事翻译、研究、教学、管理工作的业务水平及较好的素质与能力。
知识产权,本专业旨在培养具有理工科基础，掌握管理和法律知识的知识产权复合型人才；要求学生具有一定的理工科基础知识，了解科技创新和发展规律，掌握知识产权经营、管理与保护实践技能，熟练掌握知识产权法律原理和实务知识，能够从事知识产权管理和法律工作。
泰语,本专业旨在培养具有扎实的泰语语言基础和熟练的听、说、读、写、译能力，熟悉我国有关的方针、政策和法规，并对泰国社会、经济和文化有广泛了解，且具有良好的泰语交际和汉泰互译能力，能从事初步科研工作的人才。
印地语,本专业旨在培养具有扎实的印地语语言基础和熟练的听、说、读、写、译能力，熟悉我国有关的方针、政策和法规，并对印度社会、经济和文化有广泛了解，且具有良好的印地语交际和汉印互译能力，能从事初步科研工作的人才。
商务英语,本专业旨在培养具有扎实的英语基本功、宽阔的国际视野、专门的国际商务知识与技能，掌握国际经济、管理和法律基础理论知识和技能，具备较强的跨文化交际能力与较高的人文素养，能适应经济全球化，在国际环境中熟练使用英语从事商务、经贸、管理、金融、外事等工作的应用型商务英语专业人才。
房地产开发与管理,本专业旨在培养能够在政府机关等行政事业单位、银行等各类金融机构、房地产开发经营和房地产咨询、估价、物业管理等各类企业中胜任与土地和房地产行政管理、住房保障、房地产金融、房地产投资、房地产资产经营管理、房地产价格评估等相关工作的高素质复合型人才；学生要掌握经济学、管理学、法学，以及建筑规划、工程技术的基础知识，了解国内外房地产行业的发展动态，掌握房地产企业经营管理、开发项目管理、金融学和投资学的基本理论与方法，熟悉房地产开发流程、房地产经营实务、房地产估价理论和方法、房地产金融理论和实务、房地产投资与风险管理、房地产法律和政策，具有进行房地产开发、经营管理、估价、房地产投融资决策分析及运作的能力。
信息管理与信息系统,本专业旨在培养熟悉互联网、移动互联网、大数据等领域最新动态和发展趋势，掌握相关领域信息系统需求分析、架构设计方法和信息系统实现技术，能够服务于互联网、移动互联网和大数据等领域的既懂信息技术又懂运营管理的复合型人才；学生系统学习数据管理与数据库、决策分析、信息系统分析与设计、IT服务管理、信息系统安全与管理、信息管理学、人工智能与数据挖掘、信息系统项目管理、信息化与信息技术应用等课程。
编辑出版学,本专业旨在培养掌握编辑出版、语言文化、经济管理等基本知识和基本理论，具备书刊编辑策划、出版经营管理、出版物市场营销、出版新技术等方面的知识与能力，能够在出版单位、发行部门、新闻机构等从事编辑策划、出版管理、发行营销等方面工作的应用型高级专门人才。要求学生掌握编辑与出版的基本理论与基本知识;掌握市场分析？选题策划？文字加工？宣传促销的知识与方法;具有较强的口头表达和文字表达能力和初步从事科学研究的能力;了解我国有关编辑与出版市场营销的方针？政策？法规;了解有关社会科学？人文科学？管理科学？自然科学与技术科学基本知识？
轨道交通信号与控制,本专业旨在培养掌握电子技术、轨道交通信号技术、控制理论，轨道交通信号与控制专业的基础知识和专业知识，铁路通信及信号设备的维护管理以及应用开发技术的高技能应用型人才，具有从事铁路通信和信号系统工程安装、管理、使用与维护、设计与施工等方面的工作能力。本专业学生主要学习轨道交通信号与控制方面的基础理论和基本知识，具有电子技术、计算机软硬件应用方面的基础理论，通过系统理论学习，具有设计、开发、集成及应用通信系统及铁路通信信号系统等方面的基本能力；具有铁路信号、信号基础设备的现场应用、安装、调试及运行管理能力。毕业生可在铁路通信及信号的设计、施工和维修养护等部门工作。
戏剧影视文学,本专业旨在通过讲授戏剧影视文学基本理论、中外电影史、电影名著解读、影视剧本写作、影视编辑制作与管理等专业课程，培养具备戏剧影视文学基本理论及剧本创作、评论、编辑的专门人才，能够在电影、电视、电台等媒体从事创作、编辑和评论工作，能够胜任高等院校、艺术院校的戏剧影视类课程教学工作，以及参与国家机关、文化事业单位的戏剧影视管理工作。
海洋药学,本专业旨在通过药学、海洋生物学基本理论以及现代生物技术基本专业技能等的传授，培养能够从事海洋药物研究、生产与工艺设计以及海洋生物工程技术研究的专业技术人才。学生毕业后既可以从事生物医药领域的相关工作，也可以从事与海洋生物资源开发利用及海洋药物研发的相关工作,包括：药品研发、质量控制、生产管理、药品销售等工作。
戏剧影视导演,本专业旨在挖掘具备一定素质、潜质与能力的学生，通过对其在故事建构、影像造型、声音处理、表演控制及后期制作等方面的训练，培养通晓视听语言、掌握导演工作技能，具备一定想象力、创造力、执行力，能独立从事电影、电视剧、纪录片编导工作的复合型专门优质人才。
视觉传达设计,本专业致力于培养具有现代设计理念和创新思维，通晓视觉传达语言，熟练掌握数字设计工具与技能，能够独立从事各种平面设计和创意表现的专业性人才。毕业生能在专业设计机构、平面及网络媒体、出版行业、广告公司及企业企划部门从事各类印刷品设计、网络媒体设计、广告创意设计、企业形象设计、包装设计、书籍装帧设计、以及设计管理等工作。
标准化工程,本专业致力于培养适应国家现代化建设需要、德智体全面发展,具备标准化工程和系统管理等方面的知识和应用能力,能够从事有关标准化工程项目的设计开发、组织实施全过程管理的食品（工科类）、材料（工科类）和服务（文科类）等标准化方向复合型高级专门人才。毕业生能在各级各类企事业单位及政府部门、群众团体等从事有关标准制修订、标准化管理及咨询服务、标准化项目研发和系统建设等方面的工作。
宗教学,本专业重视马克思主义宗教学理论、宗教哲学、佛教、基督教、道教思想文化和历史的研究；培养学生掌握马克思主义哲学基本原理以及宗教学基础知识和专业知识，了解世界各大宗教的历史和现状，了解我国各民族宗教的状况，熟悉我国传统文化，懂得我国宗教法规和政策，具备较强的理论思维和分析问题、解决问题、语言文字表达的能力及宗教调查与研究技能，能够从事宗教事务管理、新闻传播、政策调研、科学研究等工作。
化学工程与工艺,本专业主要从事化学合成药物中间体及有机精细化学品（包括高分子材料、添加剂、染料中间体、涂料、特种精细化学品等）的合成原理、生产工艺、过程开发及设备设计；要求学生掌握化学工程、化学工艺、应用化学理论的学科基础理论和知识；掌握化学装置的基本设计方法，掌握有机精细化学品的基本合成、改性和配方的基本原理和基本技能；培养从事有机精细化学品的生产设计、运行与研究开发工作的高级工程技术人才。
非织造材料与工程,本专业主要培养从事非织造工程技术及企业管理、国内外纺织贸易、产品检验与研究开发等的高素质复合型人才，学生主要学习非织造材料与工程专业的基本理论、基本知识和现代非织造布生产技术，同时要求学生熟练掌握计算机系统应用能力，具备较强的创新意识和解决问题的能力；要求学生系统掌握非织造工程工艺与技术、机械设备与管理、产品设计、产品检验、经营管理等方面的基础知识，具有进行工艺技术探讨、设备改造、产品开发与销售、科学研究与创新的能力，把握现代新材料迅速发展的趋势，具备企业管理及经营管理等方面的基本能力。
石油工程,本专业主要培养从事石油工程设计、科学研究与生产管理方面的高级工程技术人才，学生在校期间主要学习地质、力学、机械、电工、计算机、基础化学、流体力学、油层物理、提高采收率原理和石油工程等课程；毕业后具备较强的外语和计算机应用能力、石油工程优化设计能力、石油工程技术开发、科学研究及石油生产的管理能力，能独立进行油气田开发方案和钻采工艺的优化设计、石油生产工艺和提高采收率技术的开发研究等工作；主要在石油、石化行业及相关行业就业。
园林,本专业主要培养从事园林植物繁育、养护管理与应用，城乡各类园林绿地的规划与设计，园林施工组织与管理等方面的高级复合型科学技术人才；本专业学生可获得生态学、园林植物、园林规划设计、园林建筑工程等领域的基本理论和基础知识；受到园林植物认知方法、栽培养护技术、育种技术、种植设计方法、插花技法、绘画技法、制图方法、园林规划设计表现技法等方面的综合训练；具有园林植物的繁殖、栽培、养护、管理及应用的基本能力；具有运用生态学理论、植物学理论、艺术理论及设计理论进行规划设计艺术创作及表达的基本能力；具有城市园林绿化施工与组织管理方面的基本能力。
国际政治,本专业主要培养各级党政机关外交外事部门的涉外工作干部；新闻单位国际报道和评论的专业人才；高等院校和科研机构国际问题教学与研究的专门人才；要求学生掌握扎实的专业基础和广泛的国际问题知识，具有较好的语言文字表达能力，较强的分析能力和社会活动能力，并能熟练地运用英语从事有关实际工作。
数理基础科学,本专业主要培养能从事数学、物理等基础科学教学和科研的有发展潜力的优秀人才，尤其是在数学、物理上具有创新的能力的人才，同时也为对数理基础要求高的其它学科培养有良好的数理基础的新型人才；要求学生具有扎实的数学、物理基础，受到比较严格的科学思维训练，初步掌握数学科学的思想方法；具有应用数学、物理知识去解决实际问题，特别是建立数理模型的初步能力，了解某一应用领域的基本知识；能熟练使用计算机(包括常用语言、工具及一些数学软件)，具有编写简单应用程序的能力；了解国家科学技术等有关政策和法规；了解数理基础科学的某些新发展和应用前景；有较强的语言表达能力，掌握资料查询、文献检索及运用现代信息技术获取相关信息的基本方法，具有一定的科学研究和教学能力。
船舶电子电气工程,本专业主要培养适应船舶自动化和信息化的要求，熟练掌握电气技术、电子技术、控制技术以及网络技术等理论知识，具备一定的工程素质和实际技能，满足国际海事组织STCW国际公约中规定的“电气、电子和控制工程”、“维护和修理”和“船舶操作控制和船上人员管理”等职能要求，既能够胜任现代船舶电子电气装置的管理、维护和修理等任务，又能够从事船舶电子电气工程领域的产品研发、工程设计、监造、技术支持等工作的复合型船舶工程技术类人才。
材料化学,本专业主要培养学生掌握材料科学的基本理论与技术，使学生具备材料化学相关的基本知识和基本技能，对学生进行科学思维与科学实验方法方面的基本训练，使学生具备从事由材料结构、功能到材料设计和研究开发的综合能力，能在材料科学与工程及相关领域从事研究、教学、科技开发及相关管理工作。
传播学,本专业主要培养研究分析能力强，熟悉我国媒体市场运作，熟练运用计算机处理数据，能在新闻媒体、企事业单位及经济管理部门从事媒介市场研究、传播效果分析、受众调查、信息管理与开发的实用型和通用型的高级专门人才。
电气工程及其自动化,本专业主要培养在电气自动化、电力自动化、计算机应用技术、电子应用技术、电机与拖动技术、工业计算机及现场总线控制技术等领域从事系统研究、分析、设计、安装和调试等方面的高级应用型技术人才。本专业除学习高等数学、大学物理、外语等基础课外，还需学习电路分析、数字电子技术、模拟电子技术、自动控制原理、单片机原理及应用、电力电子技术、电机与拖动基础、计算机控制系统、运动控制系统、供用电系统、电力系统继电保护、现场总线与网络控制、软件工程、电气控制技术、可编程序控制器（PLC）、C程序设计等专业基础课和专业课。
国民经济管理,本专业主要培养掌握经济学基础理论和系统的专业知识，熟悉我国经济社会发展战略与规划、经济政策和经济管理实践，了解国民经济动态，能够独立从事经济政策分析和解决实际经济问题，具有较强的写作能力和适应能力的复合型专门人才。
遥感科学与技术,本专业主要培养掌握遥感理论基础、信息处理与分析理论基础和基本技能，具有遥感基本理论、传感器技术、信息获取技术、遥感数据处理技术、多传感器数据匹配和融合技术、图像自动解译技术、导航及地理信息系统基本原理等基本知识与方法，能够在民用领域及军事领域从事遥感系统设计与研发、遥感信息处理及有关信息系统和管理信息系统的建设和应用的专门人才，以及具有较宽知识面，掌握一定的相关学科知识，了解本学科的发展与学科前沿，有创新意识，并能独立从事本学科及其交叉学科研究的能力的高级人才。
特殊教育,本专业主要学习教育学、特殊教育学、心理学的基本理论和基本知识；接受特殊教育、教学和特殊教育研究的基本训练，获得特殊教育教学、特殊需要教育康复的相关知识和能力；具有良好的人文素养和教师职业素养；初步具备从事特殊教育教学、管理、科研和社会工作能力。具有合理的知识结构、较强的创新意识、创新能力。
海洋资源开发技术,本专业主要学习开发和利用海洋资源的基本知识和核心技术，以海洋生物资源开发利用为特色，培养能掌握海洋生物资源、食品、药品、功能生物制品等基础知识，具有新产品设计与研发能力的高级专门应用型技术人才，或从事海洋生物资源开发相关的科学研究、政策规划与管理等工作的高级专门人才。
资源与环境经济学,本专业主要学习资源与环境经济学方面的基本理论和基本知识，接受相关业务的基本训练；要求学生掌握经济学、管理学、发展经济学和环境与资源方面的基本理论，兼有经济学、管理学和环境与资源技术科学的交叉优势；掌握资源与环境经济学分析的基本理论和方法，能够运用经济学的方法和手段进行环境资源管理；熟悉重要的国际资源与环境经济学方面的经典文献，掌握国家环境资源合理开发与利用、可持续发展的有关政策与法规；具有较强的表达能力和英语读写能力，能熟练运用计算机和网络资源，良好的身体素质；具备从事本专业实际工作和科学研究工作的基本能力。
表演,表演专业培养具有一定的马克思主义基本理论素养，并具备和掌握表演艺术的基本理论和基本技巧，能够在戏剧、戏曲、电影、电视和舞蹈等表演中独立完成不同人物形象创作的高级专门人才；该专业学生主要学习戏剧、戏曲、影视、舞蹈、音乐等方面表演艺术基本知识、基本理论和基本技能，受到有关理论、发展历史、研究现状等系统教育和从事专业工作所需业务能力的基本训练。
材料科学与工程,材料科学与工程是研究材料成分、结构、工艺、性能与用途之间有关知识和应用的学科。该专业方向培养具有扎实的材料科学与工程基础理论知识及相关基本技能的高级研究开发与工程技术人才。毕业生掌握材料科学与工程领域比较系统全面的基础理论知识、基本技能和方法，具有从事材料领域科技工作的初步能力。能在材料、机械、电子信息、冶金、航空航天等各种行业从事材料的生产、质量检验、工艺与设备设计、新材料的研究与开发以及经营管理工作，或在科研机构和高等学校从事教学与科学研究工作，或成为本专业及相关专业研究生的优秀生源。
测绘工程,测绘工程是利用各种现代化方法来采集、量测、分析、存储、管理、显示、传播和应用各类地学信息的一门综合的信息科学，专业旨在培养具有扎实的测绘基础知识和技能，学习数字地球框架信息获取、处理、分析、表达和应用的基本原理和方法，掌握现代空间测量技术、数字摄影测量与遥感技术、地图学与地理信息系统的基本理论，能够从事大比例尺数字化测图与地籍图的测绘及其信息系统的建立，各种工程、大型建筑物的各阶段测绘即变形监测，资源合理开发、利用及环境整治等方面工作的高级专门人才。
测控技术与仪器,测控技术与仪器是电子、光学、精密机械、计算机、信息与控制技术多学科互相渗透而形成的一门高新技术密集型综合学科，主要面向测量和控制的新原理、新技术以及仪器的智能化、微型化、集成化、网络化和系统工程化等。本专业学生主要学习精密仪器的光学、机械与电子学基础理论，测量与控制理论和有关测控仪器的设计方法，受到现代测控技术和仪器应用的训练，具有本专业测控技术及仪器系统的应用及设计开发能力，可在国民经济各部门从事测量与控制领域内有关技术、仪器与系统的设计制造、科技开发、应用研究、运行管理等方面的工作。
产品设计,产品设计是以当代工业化和信息化为背景，综合运用科技成果结合美学、工学、心理学、经济学等知识，对产品的功能、结构、形态、色彩及包装等进行整合优化的创新设计活动；本专业要求学生系统掌握产品设计专业的基本理论、基本知识、基本方法，具有产品设计、环境设施设计、展示设计的基本能力和技能，了解本专业设计前沿，具备社会责任意识、创新意识、团队意识的职业素质，能在产品设计、展示设计、交互设计、设施设计等领域从事相关工作。
城市地下空间工程,城市地下空间工程是指在城市地面以下土层或岩体中修建各种类型的地下建筑物或结构物的工程，涵盖地下铁道、公路隧道、地下停车场、过街和穿越障碍的各种地下通道等交通设施，各类地下制作车间、电站、储存库房、商场、人防与市政地下工程等工业与民用工程，以及文化、体育、娱乐与生活方面的地下联合建筑体工程等。本专业主要培养在知识、能力、素质各方面协调发展，拥有扎实的数学、力学等自然科学和人文社会科学基础知识，系统掌握城市地下空间工程勘察、规划、建筑结构设计与施工、隧道及地下工程设计与施工等方面的基本技术和管理知识，具有较强实践能力和一定创新能力的高级专门人才。
档案学,档案学专业以电子档案管理为主要方向，培养具有系统的档案学基本理论与基础知识，接受过现代信息技术、管理学等方面的基本培训，具备现代信息管理，尤其是电子档案管理与服务的基本理论与技能，能在各级各类档案机构、国家机关、企事业单位和新型经济实体的档案部门以及信息部门从事档案信息管理、服务与研究的应用型、复合型高级专业人才。
地理国情监测,地理国情监测通过对地理国情进行动态地测绘、统计，从地理的角度来综合分析和研究国情，为政府、企业和社会各方面提供真实可靠和准确权威的地理国情信息；本专业旨在满足国家对国情国力调查与监测的需要，培养掌握地理国情监测的基础理论、方法和技术，具有地理国情信息获取、处理、综合分析、应用和共享服务能力的复合型高级技术人才，毕业生能在测绘、国土、规划、民政、水利、交通、环境、生态、矿产、农业、林业、人口、海洋、气象、国防、军事、安全、公共卫生、重大工程等政府部门、科研院校、企事业单位从事与地理国情监测相关的科研、教育、技术研发和管理工作。
地球化学,地球化学是化学科学与地球科学相互交叉衍生形成的一门科学，它主要研究地球的物质组成和化学性质，研究这些组成的变化及其机理；本专业学生具备地球化学研究的基本理论、基本方法和基本技能，受到专业技能和技术开发的基本训练，具有扎实的数学、化学基础理论和熟练的计算机应用技能，能进行文字、图形、数据处理和编程，适合在地矿、环境、能源、冶金、农业、海洋等部门从事科学研究、生产和管理等工作。
电波传播与天线,电波传播与天线专业是国防紧缺特色专业，旨在培养具有扎实的数理、计算机及外语基础，具备电波传播与天线的基本理论、基本知识和基本技能，具有较高的科学素养及一定的教学、研究、开发和管理能力，具有创新、创业意识，具有竞争和团队精神，能适应技术进步和社会需求变化的创新型人才；毕业生可到信息电子、航空、航天、船舶、电信等工业部门和国防科研院所从事相关科学研究、技术研发、技术应用、技术管理和教学等工作，也可继续攻读研究生。
电子封装技术,电子封装技术以高端电子产品制造为对象，由电子元器件再加工和连接组合以构成系统、整机及合适工作环境的设计制造过程，是现代高密度、高功率、小体积、高频率电子产品自动化生产制造的一项关键技术；本专业要求学生掌握电子器件的设计与制造、微细加工技术、电子封装与组装技术、电子封装材料、电子封装测试的基本理论和基本技能，具备封装工艺和封装材料的设计与开发以及封装质量控制的基本能力。
电子商务及法律,电子商务及法律专业是面向信息行业、宽口径的交叉学科专业，本专业根据现代信息社会需求，培养既具有扎实的经济与管理理论基础，又具备现代信息科学技术的方法与手段，能在较宽泛的领域从事电子商务运作与管理、开展商务活动的高素质复合型人才。学生系统地学习数理基础课程、英语、电路系列课程、计算机系列课程、电子商务法、企业管理理论、产品开发、物流与供应链管理、隐私与数据保护法、信息安全的技术与法律等。
雕塑,雕塑专业培养于造型艺术造型范围内具备基础素描以及泥塑、木、石、陶、金属等专门材料进行具象及抽象造型的能力，能在户外城市公共环境雕塑及室内架上雕塑等专业领域从事专业创作设计、放大制作，并能从事该专业教学和研究工作的高级专门人才。要求学生理解掌握立体造型的基本理论知识；掌握并运用在三维空间中进行造型设计创作的技术与基本方法；具有运用泥塑及硬质材料进行浮雕甚至动态的人物及抽象造型写生与创作设计的基本能力；了解并掌握有关国家文艺创作的方针政策及城市公共环境设计制作法规；了解国内外造型领域的理论前沿状况及发展动态；掌握专业文献检索、资料查询及文字表述的基本方法，具备初步的文本研究和写作能力。
法医学,法医学是以医学为基础的自然学科，也是医学与法学交叉的边缘学科，在法制实践中，法医学为医疗纠纷、刑事侦查、司法审判以及灾害事故鉴定提供科学依据。本专业培养具有扎实的生物医学、临床医学、法医学及相关自然科学和社会科学知识，掌握法医学的基本理论和鉴定技能，具有较强的人际交往沟通能力，良好的职业道德和人文素养，具有创新精神，能够致力于法医学事业的复合型人才。
蜂学,蜂学专业学生主要学习养蜂生产与管理、蜜蜂遗传育种、蜂病防治、蜂产品加工、蜂产品贸易的基本理论与知识，接受与蜂学相关的实验、设计、调查、分析、评估等方面的基本训练，要求应具有养蜂、蜂产品加工和蜂产品贸易等方面的基本技能。
资源循环科学与工程,该专业面向国家节能减排、循环经济、低碳经济等战略性新兴产业需要，适应未来科技发展，培养系统掌握资源循环科学与工程基础理论知识，具有宽厚的专业知识、实践能力和良好的科学素养，能在资源循环利用、能源开发与利用以及循环经济等领域的高等院校、科研机构、政府机关、工矿企业等部门从事资源循环利用的科学研究、规划管理、技术研发等工作的高级复合型人才。学生主要学习工程数学、物理化学、有机化学、无机化学、材料科学与工程、生物学、资源科学、经济学等方面基础理论与基础知识，系统掌握资源循环科学与工程概论、产业生态学、废弃资源循环利用技术与工程、可再生能源开发与利用技术、清洁生产与能源审计、循环经济理论与产业发展、气候变化与低碳发展理论与政策、能源管理工程、碳汇原理与技术等专业知识，具备从事资源循环利用的设计施工、规划管理、科学研究的基本能力。
美术学,该专业培养热爱美术事业、面向现代化、面向世界、面向未来的高级美术人才。培养学生具有扎实的绘画理论基础和纯熟的绘画技巧，有较强的创新思维能力，掌握基本的美术史知识，有较高的艺术素养，有较强的与人沟通和合作的能力，具有独立分析问题和解决问题的能力，熟练掌握一门外语，并能掌握计算机和现代信息技术的美术专业的专门人才。
智能科学与技术,该专业以光、机、电系统的单元设计、总体集成及工程实现的理论、技术与方法为主要内容，培养具备基于计算机技术、自动控制技术、智能系统方法、传感信息处理等科学与技术，进行信息获取、传输、处理、优化、控制、组织等并完成系统集成的，具有相应工程实施能力，具备在相应领域从事智能技术与工程的科研、开发、管理工作的、具有宽口径知识和较强适应能力及现代科学创新意识的高级技术人才。
工业工程,工业工程从系统的角度，对由人、物料、设备、信息和能源等要素构成的集成系统进行设计、规划、预测、评价；研究生产过程中各种因素对生产率、产品质量和成本的影响；探索提高运作效率、降低运作成本、保证质量的现代管理方法；从而达到提高企业素质、经济效益和企业竞争力的目的。本专业培养既懂工程技术又掌握管理科学知识的高素质人才，培养的学生具有扎实深厚的数理基础理论，良好的外语和计算机能力以及宽广的工程、企业管理、人文社科等方面的基本知识和技能，具有对复杂生产系统、服务系统进行分析、规划、设计、管理和运作的能力。
功能材料,功能材料专业是根据社会发展的需要，特别是生物医学工程、组织工程和药物释放等交叉学科技术的迅速发展对专业人才的迫切需求而设立的，本专业是材料学、生物学和医学等学科领域的跨学科专业，主干学科有高分子材料科学与工程、生物医学工程，主要从事生物材料和生物医学工程方面的教学与科研工作。学生需要学习无机及分析化学、有机化学、物理化学、高分子化学、高分子物理、材料合成及其应用、材料分析检测与评价技术及聚合物合成原理及工艺学等的基本知识、基本原理和基础实验技能；熟悉国家关于科学技术、材料制备与应用的相关产业、知识产权等方面的政策、法规；受到功能材料制备与加工的专业训练，掌握及运用现代信息技术获取相关信息的基本方法；具有一定的实验设计、归纳、整理、分析实验结果，撰写论文，参与学术交流的能力；掌握相关工程技术、产品开发、分析测试等方面的知识，初具解决生产实际问题的能力。
古生物学,古生物学是地质学与生物学之间的边缘交叉学科，主要研究保存在地层中的地质历史时期的生物遗体和遗迹化石；本专业培养具备良好的科学素质、掌握地质学、古生物学、演化生物学和化石能源的基础知识和实验技能，掌握博物馆学、化石保护法律法规的基本知识和化石修复技能，能够从事古生物学与生物进化学、古地理与古环境学、化石能源、化石保护与自然类博物馆及相关领域研究或管理工作的复合型、应用型专业技术人才。
化学生物学,化学生物学是化学与生物、医学全面交叉结合的新兴学科，培养具有坚实的化学与生物学基础知识和较广泛的化学生物学交叉领域知识，熟练掌握化学与相关生物学实验技能，具备从事化学生物学交叉领域科学研究的基本能力，创新意识强，综合素质高的高级人才。毕业后的学生应能胜任化学、生物学及生物制药技术等相关领域的科研及管理工作，也可在化学、生命科学、生物技术以及生物制药技术等领域继续深造。
环境工程,环境工程学是运用环境科学、工程学和其他有关学科的理论和方法，研究合理保护和利用自然资源，预防与治理环境污染，以改善环境质量，促进人类与自然协调发展的工程技术学科，对环境资源的综合利用和经济可持续发展具有极其重要作用；本专业培养从事流域、区域、城镇及企事业单位的水、气、固、土壤、噪声和其他污染的控制、治理、管理等方面的高级工程技术人才。学生在校期间，除公共基础课外，还将学习力学、化学系列课程、环境微生物学、环境工程原理等系列专业基础课及实践课程；毕业后或报考环境工程、环境科学、市政工程等专业的研究生深造，还可从事与环境相关的科研教学、规划设计、咨询评估、监察管理、施工运营、产品销售等多项工作。
环境科学,环境科学专业的培养目标是培养具有良好的科学素质、系统的环境科学基础和较全面的环境科学专业知识，获得科学研究的初步训练，具有分析问题和解决问题的能力，能在环境科学和环境保护事业及有关科学领域从事科研、教学和技术管理工作的高级专门人才；学生主要学习包括数理化、天地生多学科交叉的各种自然科学及社会人文科学相关的必要基础知识，基于环境问题识别及解决能力培养的相关基本理论、基本技能，受到应用基础研究、应用研究和环境决策及管理等相关领域的基本训练，具有较好的科学素养及一定的教学、研究、开发和管理能力，掌握基于环境介质的相关专业研究方法与手段，以及不同空间尺度的环境规划与决策管理的基本技能。
环境设计,环境设计专业主要培养室内外环境设计的专业人才，通过系统的学习和实践环节的训练，使学生在掌握空间环境艺术创作与设计的专业理论和专业技能的基础上，具备社会实际工作的能力，能够独立承担相关的设计、教学和研究工作，并成为从事相关设计领域的管理、教学、研究等方面的应用型高级专门人才。本专业要求学生具有较好的审美素养，掌握现代设计语言；具有较强创新设计意识；具备一定的城市规划、建筑装饰、公共艺术、环境保护等方面的相关知识，并且能够独立从事环境的规划与设计。
马来语,绘本专业培养学生具有扎实的语言文学理论基础，熟练掌握马来语听、说、读、写、译等方面的语言技能，学习马来西亚政治、经济、文化各领域的基本知识，毕业后能从事外语翻译、教学研究和对外经贸管理等工作。
机械工程,机械工程是以数学、物理、化学、力学、材料学、控制学、计算机等自然科学和技术科学为理论基础，以理论分析、物理实验、工程试验、计算机仿真等为手段，研究和解决机械在设计、制造、运行、控制、管理、使用、维护等方面理论及实际问题的应用学科和专业。该专业培养具备机械设计、制造、机电工程及自动化基础知识与应用能力，能在科研院所、企业、高新技术公司利用计算机辅助设计、制造及技术分析，从事各种机械、机电产品及系统、设备、装置的研究、设计、制造、控制、编程，数控设备的开发、计算机辅助编程，工业机器人及精密机电装置、智能机械、微机械、动力机械等高新技术产品与系统的设计、制造、开发、应用研究，以及从事技术管理的高级工程技术人才。
集成电路设计与集成系统,集成电路设计与集成系统专业培养具备微电子材料与工艺技术、电路与系统、电磁场与微波技术、电磁兼容技术、系统封装设计以及多芯片组件设计等多方面的知识，能够在集成电路设计、微电子器件与集成系统领域从事研发、设计、制造的应用型高级专门人才；毕业生可从事集成电路设计公司、集成电路生产企业从事集成电路设计、制造、封装测试、集成电路工具的研发、电路系统开发等工作，也可从事相关领域的科研与教学工作。
家政学,家政学是教育学、心理学、管理学及营养学等多学科交叉的专业，本专业要求学生接受严格的家政学基础训练，广泛了解家政学基本理论和相关学科知识，熟练掌握家政学基本研究方法，掌握家政产业的市场策划、运作和预测技能，能够运用所学知识科学指导家庭生活，同时具备传授家庭生活知识的教育能力，能够胜任社区工作、家庭和城市社区生活指导、科学生活模式的研究及教学，并且能够指导城市社区及家庭建设、管理，胜任政府部门和社区、公司等相关服务与管理工作。
建筑环境与能源应用工程,建筑环境工程专业是致力于解决民用、工业生产、医疗、交通、航天等领域的室内环境问题的学科，为人们创造健康舒适的热湿环境、空气质量环境、声光环境等，是一门涉及国计民生的综合性学科，涵盖了健康、能源、环境等人们广泛关注的内容。本专业学生主要学习能源与动力工程、建筑环境的基础理论和技术，接受现代建筑设备工程师的基本训练，具有进行动力机械、热工设备的设计、运行、管理的基本能力，能够在国民经济各部门从事建筑室内环境控制、暖通空调、给排水、燃气供应、热力供应和楼宇自动化等公用设施系统的规划、设计、制造、安装、调试、运行和管理等方面的工作。
建筑学,建筑学是一门综合性较强的学科，涉及理、工、文、艺诸领域，具有科学与艺术、理工与人文结合的特点；学生主要学习建筑设计基础、建筑设计、居住区规划与居住建筑设计、大型公共建筑设计为主干的系列课程，以及交通建筑与城市设计、绿色建筑与工业化、建筑遗产与保护等特色方向的课程，受到建筑设计、城市设计、建筑技术等方面的基本训练，具备较强的建筑创新思维和专业设计能力。
交通工程,交通工程专业培养从事交通管理与规划、道路与桥梁设计、施工与管理的高级专门人才。本专业以运筹学、概率论与数理统计、系统工程学为基础，要求学生掌握一门外语，熟练使用计算机进行总图运输规划、设计和管理，以及交通规划设计与管理工作；学生主要学习交通工程学原理、城市规划原理、总图设计理论与方法、交通规划设计理论与方法、公路及道路工程、工业铁路工程、工程管线综合等知识系列，并付诸实践性环节，培养分析问题和解决问题以及创新能力。
交通管理工程,交通管理工程专业培养德、智、体全面发展，系统掌握道路交通管理的基础理论、基础知识和基本技能，熟悉公安交通管理的相关法律法规，具有基本的公安行政执法能力，具备开展道路交通管理工作的专业核心能力和创新精神，能够运用现代科技手段从事交通秩序维护、交通事故处置、车辆及驾驶员管理等道路交通管理工作的应用型专门人才。
交通设备与控制工程,交通设备与控制工程专业是车辆工程、机械工程和电气工程等学科的交叉和综合，主要面向新一代智能交通系统和智能交通检测系统，运用电子、信息、计算机和控制等多学科的基本理论和技术，解决交通运输领域当中的信息采集、数据处理及交通检测与控制等系列问题。通过专业学习，要求学生能够广泛、系统地掌握信息领域当中多个方向的前沿理论和技术，并融汇交通运输的行业背景。本专业通过大量的专业实践锻炼，着重培养学生在工程实践中发现、分析和解决问题的能力，毕业生可以独立从事智能交通系统的研发、设计与实现以及交通运输规划与管理等方面的工作。
教育技术学,教育技术学是现代信息技术和教育学的一门交叉学科，本专业学生主要学习教育技术学和计算机科学及相关学科的基本知识，接受教学设计、教育软件设计与开发、教育信息系统建设等方面的基本训练，具备新技术教育应用及教育软件的设计、制作的能力，熟练掌握教学设计和教学平台及资源开发技术，适宜到各教育信息化资源建设和管理单位、各教育软件开发公司的应用型高级专门人才和职业教育领域“一体化”师资。
教育学,教育学专业旨在培养具有良好的教育理论素养，较强的教学能力及一定的教育管理和教育科研能力的专门人才。本专业致力于培养学生具有较宽的知识面，德、智、体、美全面发展，使学生掌握系统的教育科学理论知识，培养学生的教育实践能力及创新精神，为进修深造奠定扎实的学术基础。学生毕业后适合从事中小学教育教学工作、教育行政机构管理工作、社会教育机构的咨询、管理及教学工作及中小学教育科研工作。
专业,介绍
经济统计学,经济统计学是统计学在经济领域中的应用，是以经济数据为研究对象，包括经济数据的采集，以及用统计方法分析经济数据背后的经济现象以及复杂经济系统的规律，从而为经济和管理决策服务。本专业培养学生具备扎实的数学与统计学理论基础，良好的经济学素养；了解统计学理论与方法的发展动态及其应用前景，具有较强的采集数据、设计调查方案和处理数据的能力，能将统计方法应用于实际经济研究领域，成为财经领域擅长统计分析的专门人才和高水平研究工作的基础性人才。
警犬技术,警犬技术是一门为侦查破案和安全防范服务的综合性应用科学，是刑事侦查和治安防范科学的组成部分，在公安、司法、国家安全等部门广泛应用。警犬技术专业主要培养公安业务基础扎实，精通警犬技术，有教学、科研和实践能力的警犬技术应用型人才。
康复治疗学,康复治疗学是促进病、伤、残者身心及社会功能康复的现代新兴治疗学科；本专业培养具有扎实的康复医学基础理论和较强的康复治疗技术，具有中西医结合特色优势，具有较强的人际交流能力和良好的职业道德的康复治疗师，以及能够在康复医学工程研究机构、公司从事研发工作的应用型专门技术人才。要求掌握基础医学和临床医学的基本理论、基本知识；掌握康复医学的基本理论和基本知识；掌握中医康复治疗方法（推拿按摩及手法治疗、针灸、中医养生保健技术），并能运用这些方法对伤病员及残疾人进行康复治疗；掌握一定的社区康复知识和方法及康复宣传教育能力，能组织开展社区康复活动；掌握康复治疗常用的功能评定技术；掌握运动疗法、物理因子疗法、作业疗法、言语治疗等康复治疗的基本技能；具有一定的基本科研工作能力，有参与现代医学科学技术竞争的基本素质和发展潜能。
矿物资源工程,矿物资源工程专业是1999年在原采矿工程专业的基础上改造而成的本科专业，不同的院校开设的培养方向有所不一样，主要来说有以下几种：矿物资源开发工程（有些也称采矿工程）、矿物加工工程、安全工程。矿物资源开发工程（采矿工程）方向培养从事矿物资源开发的高级工程技术人才，培养学生在矿物资源开发、现代矿山开采系统的规划设计与开发、工程设计、企业生产与经营、技术与行政管理、安全技术及监督、科学研究与技术革新、矿山生产管理等方面的基本能力和创新意识。
临床药学,临床药学是研究药物防病治病的有效性、安全性与合理性的一门学科，其主要研究内容包括，药物治疗疾病的临床规律、临床合理用药、临床药物评价、药学监护、药物配伍与禁忌等；临床药学的主要任务是综合运用药学和医学的理论、观点和方法，为药物临床治疗的有效性、安全性、经济性提供保障；本专业培养具备药学、医学的基本理论知识，掌握临床合理用药、安全用药及安全用药的重要意义和基本原理，熟悉新药开发研制基本流程和技能，综合素质高、知识结构合理、基础扎实、知识面宽、综合运用知识能力强、具有创新精神和实践能力，从事临床合理用药、治疗药物监测和临床药学研究的融药学与医学为一体复合型应用型药学专门人才。
麻醉学,麻醉学专业作为现代外科系统的重要组成部分，广泛应用于外科手术、急救、心脑肺复苏、疼痛的研究与治疗等众多方面，由于其专业特点明确、适用性强等特点，毕业生就业方向较多，就业率高。本专业培养具有基础医学、临床医学、麻醉学等方面的基本理论知识和基本技能，能在医疗卫生单位的麻醉科、急诊科、急救中心、重症监测治疗病房（ICU）、药物依赖戒断及疼痛诊疗等领域从事临床麻醉、急救和复苏、术后监测和生理机能调控等方面工作的医学高级专业人才。
能源与动力工程,能源动力工程主要研究如何把大自然存在的如太阳能、风能、化石燃料、水能、生物质能等各种能源有效转换成工业上和社会生活需要的电能、机械能等能量，同时如何减少对环境的污染；本专业集能源的开发、利用、转化、系统控制、节能与减排于一体，与我国的能源、动力、环境保护领域的发展息息相关，毕业生能够在现代电力企业、研究设计单位、新能源设备制造企业等相关单位从事系统设计、规划、运行维护以及技术管理等工作。
能源与环境系统工程,能源与环境系统工程专业研究将煤炭、石油、天然气等一次能源转化为电力、热能等二次能源的生产和利用过程；研究人工环境、空调制冷等领域的科学技术问题，以及风能、太阳能、生物质能等新能源的开发利用。本专业集合了热学、力学、材料、机械制造、环境科学、计算机与自动控制等高新科学技术，是一个能源、环境与控制等多学科交叉的复合型专业。本专业培养能从事清洁能源生产、能源转换利用和环境保护、制冷与空调、新能源开发等领域的研究、设计与管理的跨学科复合型人才。
酿酒工程,酿酒工程专业主要针对白酒、黄酒、葡萄酒、啤酒等日常饮用酒的特征风味成分和酿制过程中的功能微生物、酶及其代谢调控机制，对其中重要微生物和酶在分子水平上进行认识与改造，开发新产品，实现传统产业的改造和提升；该专业以化学、生物学和工程学为基础，将传统酿酒工艺艺术与现代生物工程技术有机结合，旨在培养酿酒行业的生产、技术和管理的高级工程技术和管理人才。
农艺教育,农艺教育专业旨在培养中等职业教育农艺专业课程师资和应用型人才。该专业要求掌握农业生物科学的基本知识和理论，掌握大田作物、园艺作物等高产栽培措施，掌握作物良种繁育、病虫害防治等的基本理论和技能；掌握科学的教育理论和教学方法，教师职业基本技能达标；具有从事现代农业教学、生产、技术开发与推广等工作的能力。
女性学,女性学专业旨在培养德智体美全面发展，具有“四自”精神、公益意识、性别平等意识，掌握女性学基本理论、基础知识和基本方法，了解社会学、管理学、政治学等多学科和跨学科知识，了解国内外妇女发展状况以及与妇女有关的法律政策与条约，能够在党政部门、企事业单位和妇女组织中从事相关工作，并具备性别研究能力的复合型人才。
人类学,人类学是一门以人类体质及文化为研究对象的综合性学科，它与考古学、语言学、政治学、经济学、社会学、宗教学和心理学等其他学科有着密切的联系；人类学既研究传统社会，也研究现代社会，既研究陌生的异文化，也研究熟悉的本文化。本专业强调知识传授的系统性，注重田野调查和社会研究方法的整体训练，培养学生具备人文社会科学的综合素质和实践能力，适应国家和社会的现实需求。
软件工程,软件工程是研究大规模软件开发方法、工具和管理的一门工程科学，其特点是按工程化的原则和方法来组织和规范软件开发过程，软件工程技术则主要研究与软件开发各个工作流程相关的、先进实用的软件开发方法、技术和工具；软件工程技术专业面向国民经济电子信息化建设和发展的需要，培养具有扎实的软件理论和知识基础，对整个软件过程有整体了解、掌握软件工程领域的前沿技术，具有国际竞争能力，能从事大型软件项目系统分析、设计、编程、测试和软件项目管理等工作的复合型、实用型的高层次软件工程技术人才；主要涵盖软件工程学科和计算机学科的基本理论、基础知识、基本技能的研究，软件的分析与开发，计算机应用系统、计算机网络系统的设计与开发等专业内容。
生物信息学,生物信息学是一门以生物学、数学和信息科学为基础的交叉科学，它通过综合运用数学和信息科学等多领域的方法和工具对生物信息进行获取、加工、存储、分析和解释，来阐明大量生物数据所包含的生物学意义。本专业培养具备生命科学和医学基础知识，掌握与生物信息学相关的信息科学、计算机科学、数学和生物技术等基本理论知识和技能，实践能力强，受过严格的科学实验训练，具备较强的知识更新能力和创新能力的高素质人才。毕业后能从事生物信息学及相关领域的科学研究、技术开发、服务、管理和教育等工作。
生物医学工程,生物医学工程学科是理、工、医、生物等学科高度交叉的新兴学科,该学科致力于人的防病、治病、康复和健康，致力于为探索生命现象，提供高水平的科学方法和工程技术手段。本专业一方面要求学生掌握医学和生物学的基本知识，另一方面要求学生要结合医学学科的特点深入扎实地学习电子、信息类的专业知识，如医学电子学、医学信号的检测和处理、医学成像与医学图像处理、医学模式识别、医疗仪器原理及设计等。毕业生可在生物医学工程领域，从事生物医学工程基础理论的科学研究，医疗仪器设备的设计、开发与维护，医学信息系统的软、硬件的研发，以及电子信息领域的科研及技术管理工作。
食品科学与工程,食品科学与工程专业以化学、生物学和工程学为理论基础，学习食品的开发、贮藏、加工、营养、卫生与安全等方面的基础理论和工艺工程技术，了解食品科学前沿理论和高新技术，培养适应社会主义市场经济、国际竞争与合作的需求，从事食品工艺与工程设计、产品开发、质量管理、生产管理和市场营销的高级工程技术人才；毕业生可在食品加工与制造、食品机械与设备、食品原料与配料、食品物流与营销等企业，从事产品研发、生产、检测和销售工作，并可报考研究所、设计院、大专院校的事业编工作岗位，或公共卫生、技术监督、商品检验等部门的公务员工作岗位。
食品卫生与营养学,食品卫生与营养学是研究食物与机体的相互作用，以及食物营养成分（包括营养素、非营养素、抗营养素等成分）在机体里分布、运输、消化、代谢等方面的一门学科；本专业培养学生具备基础医学、营养学和预防医学、临床医学的基本知识、基本理论和基本技能，使毕业生能够成为从事人群的营养指导、保健和营养知识的宣传教育、防病治病、医院临床营养治疗和指导食品配制的高级营养专业人才；要求学生掌握食品卫生与营养学的基本理论知识；掌握基础医学、临床医学、营养与食品卫生的基本理论知识及食品卫生检测技能；能够从事营养与食品卫生的监督、检测和管理工作；熟悉国家的食品卫生法规；具有一定的社会医学知识、劳动卫生、环境卫生和职业病知识，具有调查、研究的能力和科学的思维方法。
食品质量与安全,食品质量与安全专业培养具有扎实的食品学科专业基础知识，熟悉国内外食品质量与安全的前沿理论知识以及现代科学研究方法，掌握科研和撰写学术论文的方法，具备较强的科研能力和广博的知识视野，能够熟练应用国内外学术文献资料，具有较强的动手实践能力，具有理论创新精神以及向权威挑战的批判精神的应用研究型人才。毕业生应具有较高的政治觉悟、良好的文化和专业素养，掌握数学、化学、生物学和食品质量与安全专业基础知识，具有分析解决食品质量与安全检测技术和食品生产营销企业质量管理中一般问题的能力。
水利水电工程,水利水电工程专业要求学生理论基础扎实、具有较高的外语水平和熟练的计算机应用能力，培养学生具有水工程、水资源、水生态、水环境、水灾害、水管理及水经济等水科学与水利工程技术的综合知识和能力，毕业后能够从事高坝大结构、地下空间利用、城市水利、城市水务、港口海岸及近海工程、水利工程信息化等多方面的科学研究、规划、设计、施工及管理工作。
水声工程,水声工程专业研究方向基本涵盖了水声技术的全部研究领域，包括基础研究、应用技术研究、水声装备研制和系统集成技术研究等方面，本专业旨在培养具有坚实的数学物理基础和海洋声学专业知识，能从事水下声信息的产生、传播、接收和处理的理论和实验研究，具备参与声纳和一般电子信息系统设计能力的创新型专业人才；要求学生具有扎实的声振基础理论知识，掌握水声学科的特点和发展方向，具备从事水声工程应用基础研究的能力。
统计学,统计学是关于数据的方法论学科，提供数据采集、数据处理、数据分析的各种方法；统计学专业旨在培养具备较强的计算机和统计软件的应用能力，具有坚实的数学与外语基础，掌握扎实的经济学基础知识，具有一定的独立观察、分析、研究社会经济问题的能力，能够系统掌握统计学原理和方法，专长于应用统计方法对各种数据进行处理和分析的实用型和通用型人才；毕业生可在银行、证券公司、信托投资公司、保险公司等各种金融机构以及国家部委、企业、咨询公司从事统计分析工作与管理工作。
土木工程,土木工程专业培养掌握土木工程学科的基本原理和基本知识，能在房屋建筑、地下建筑、道路、隧道、桥梁建筑、水电站、港口及近海结构与设施、给水排水和地基处理等领域从事规划、设计、施工、管理和研究工作的高级工程专门人才。本专业要求学生熟练掌握工业与民用建筑工程、市政工程、基础工程与地下工程、道路工程、建筑结构和建筑材料等方面的专业知识，具有进行相关工程设计、施工、组织管理、设备配套及操作的基本素质；掌握工程规划与选型、结构分析与设计、工程材料、基础设计及地基处理方面的基础知识，掌握有关建筑机械、电工、工程测量、施工技术与组织等方面的基本技术，具有从事科学研究工作的基本能力和较强的科技创新能力。
微电子科学与工程,微电子科学与工程专业是理工兼容、互补的专业，主要研究半导体器件物理、功能电子材料、固体电子器件，超大规模集成电路（ULSI）的设计与制造技术、微机械电子系统以及计算机辅助设计制造技术等；要求学生具有扎实的数学、物理基础知识和良好的外语应用能力；掌握各种固体电子器件和集成电路的基本原理，掌握新型微电子器件和集成电路分析、设计、制造的基本理论和方法；具备该专业良好的实验技能；了解微电子技术领域的发展动态和前沿理论与技术；具有良好的科学素养和创新能力；善于自学，不断更新知识；具有一定的外语水平，能借助工具书阅读该专业外文资料。
舞蹈学,舞蹈学专业旨在培养具有较高文化修养、熟悉舞蹈艺术发展基本规律、掌握中外舞蹈专业基本技能的专门人才；要求学生系统地掌握舞蹈历史文化知识和舞蹈基本理论，了解相关学科的知识，有较强的审美感觉和创造性思维，有从事该专业教学和初步的科研能力；掌握分析和研究舞蹈作品的方法，具有较强的理论写作能力。
物理学,物理学是研究物质运动最一般规律和物质基本结构的学科，它揭示物质产生、演化、转化和相互作用等方面的基本规律，涉及从微观、宏观到宇观，从少体到多体，从简单到复杂的各种系统，是自然科学的核心和工程技术的基础，并与社会学科具有很强的交叉性；本专业旨在培养掌握坚实的、系统的物理学基础理论及较广泛的物理学基本知识和基本实验方法，具有一定的基础科学研究能力和应用开发能力，能发展成为在物理学及其相关交叉学科的不同专业领域继续深造或在相应的科学技术领域中从事科研、教学、技术、应用和管理等方面的创新性人才。
物流工程,物流工程专业培养以移动互联网、物联网为背景，以物流信息技术为特色，富有创新精神、竞争意识和实践能力，跨工学和管理学两大学科的物流技术人才。本专业培养的人才能够熟练运用现代物流工程理论、系统规划设计方法和计算机技术，具有很强的物流系统自动化技术知识、物流信息技术知识以及物联网在物流领域的应用能力，具备从事物流系统设计、制造、运行、决策、管理、运营的工作能力以及物流工程领域教学和科研等能力。
戏剧学,戏剧学专业培养有较强的艺术感受能力和坚实的戏剧艺术史论基础，能从事戏剧艺术理论研究、编辑工作的专门人才。；要求学生熟悉我国的文艺方针、政策，系统地掌握戏剧、影视文学的基本理论和创作技能，了解相关学科的知识，有较好的文化艺术修养，较强的审美感觉和创造性思维；具有较系统和广博的戏剧影视理论和历史知识，掌握分析和研究戏剧影视作品的方法，有较强的理论写作能力。
刑事科学技术,刑事科学技术专业是综合运用自然科学、社会科学的有关知识和技术，研究各种犯罪中物证的形成与变化规律，运用显现、提取、鉴定等技术方法，揭露和证实犯罪，为侦查、起诉、审判提供线索和证据的专门学科。本专业培养具有良好科学素养、人文素养和警察基本素质，熟悉党和国家的路线、方针、政策，掌握本专业基础理论、基本知识与基本技能，具备开展刑事科学技术工作的职业核心能力和创新精神，能够在公安机关从事现场勘查、分析、重建以及常规物证检验、鉴定工作的应用型高级专门人才。
烟草,烟草专业培养基础扎实、知识面广、能力强、素质高，能适应烟草农业、烟草工业和烟草商业发展的人才；要求学生具备烟草栽培生理、烟草遗传育种、烟草调制加工、烟叶质量检测与管理，及烟草化学、卷烟加工工艺、卷烟配方设计、卷烟营销方面的基本理论、基本知识和基本技能；能胜任烟草生产与加工、卷烟营销、教学、科学研究和技术开发工作，以及与烟草科学相关的应用研究，生产管理和行政管理等工作。
眼视光学,眼视光学是一门现代光学技术和现代眼科学相结合，运用现代光学理论和技术解决视觉障碍的新兴、交叉学科；本专业培养以掌握现代视光科学知识和技能为基础，具有能够应用视光学知识指导并帮助人民群众进行视觉保健和矫治的高级视光学人才；学生应掌握基础医学、眼科学、视光学的基本理论和技能，毕业后能够以其专长从事于眼睛健康与视觉的保健工作。
药物制剂,药物制剂学是综合运用化学、生物化学、药学基础理论与现代制药工程手段进行药物制剂的研究、设计、开发与生产的学科，本专业培养德、智、体全面发展，具备广博而坚实的化学、生物学、药学基本理论知识和实验技能，能够从事药物新剂型与新制剂的研究、设计与开发，药物制剂及其生产管理、工艺设计与技术改造工作的高级药物制剂专门人才以及具有一定的企业管理知识，良好的科学素养和一定的创新创业能力的高级实用型人才；要求掌握物理化学、药物化学、药用高分子材料学、工业药剂学、制剂设备与车间工艺设计等方面的基本理论、基本知识；掌握制剂的研究、剂型设计与改进以及药物制剂生产的工艺设计等技术；具有药物制剂的研究与开发、剂型的设计与改进和药物制剂生产工艺设计熟悉药事管理的法规、政策；了解现代药物制剂的发展动态；掌握文献检索、资料查询的基本方法，具有初步的科学研究和实际工作能力。
医学检验技术,医学检验是一门多学科交叉的应用型学科，是运用现代物理、化学方法，实验室技术，借助高科技精密医疗仪器设备进行检测，对疾病的临床诊断、治疗监测和预后评估提供判断依据的一门学科；本专业培养具有医学检验学等方面的基本理论知识和基本技能，具有一定的科研和创新能力，能在各类医院、疾病控制中心、血站、商检局、技术监督局等医学及卫生管理机构、医学教育与科研院所等单位，从事医学检验以及医学类实验室工作的高级专门人才；通过系统学习，使学生具有基础医学、医学检验及医学检验技术等方面的基本理论知识和基本技术能力，并具有为临床提供及时准确检验结果的能力。
医学信息工程,医学信息工程专业培养具备生命科学、计算机技术及信息科学有关的基础理论知识，能在医学信息系统及集成、数字医疗及其他信息技术领域从事研究、设计、应用、开发和管理的理工医结合的复合型高级工程技术人才。学生需具备生命科学、电子技术、计算机信息技术有关的较为宽广的理论知识，受到医学信息系统相关的工程能力的训练，能在医学信息工程、数字医疗及相关领域从事研究、设计、应用、开发和管理工作。
医学影像学,医学影像学专业是利用各种成像设备（包括常规X线摄影，超声显像，放射性核素显像，放射计算机断层摄影、电子计算机X线体层摄影、磁共振成像等）和放射治疗设备，应用基础医学和临床医学基本理论知识，对疾病进行医学影像诊断和治疗的一个专业，是自然科学、工程学、生物学、医学等多学科相互渗透和综合的新兴学科。本专业培养具备基础医学、临床医学和现代影像学的基本理论知识及能力，能在医疗卫生单位从事医学影像诊断、介入诊断学和医学成像技术等方面工作的医学高级专门人才。
音乐表演,音乐表演专业设有钢琴、声乐、管弦乐等多个方向，培养既具良好的人文素质及审美品位又具高超演奏技巧的音乐表演艺术家、乐队演奏演员及音乐艺术教育工作者。
印刷工程,印刷工程专业是按照人的视觉、生理与心理特点和审美要求，对可视信息（图像和文字）进行加工处理，并将加工处理的结果存储、传送或在一定的有形载体上再现，形成印刷品、出版物（包括电子出版物）等产品的一门跨工程与人文艺术的边缘性工程学科；专业以印刷原理与现代印刷技术及数字印刷技术相结合为特色，突出现代印刷技术运用与印刷工艺设计开发能力的培养；培养适系统掌握印刷工程专业的基本理论知识和技能，具有图文信息处理与再现和现代印刷复制技术的能力，图文处理技术、印刷工艺设计、印刷品质量控制、印刷材料适性测试的基本方法，具有较强实践能力和创新精神，能在印刷和包装、出版、广告以及相关行业从事印刷工艺设计、技术管理、质量控制等相关工作的应用型高级专门人才。
油气储运工程,油气储运工程是一个涵盖多学科的交叉渗透型专业，集油气储运工艺过程、油气储运工程施工、油气储运设备于一体，结合国家行业需求，以原油和天然气的开采、计量、储存、管道输送为主线，为我国的油田、气田、炼油厂、石化企业、加油站、油库、城市燃气输配等部门培养具备工程流体力学、传热学、工程热力学、油气储运工程等方面的高级工程应用型人才。学生主要学习各类油库和集输、长输管道及相应设备的设计、选用、技术管理的理论知识；通过学习和研究要掌握集输系统、油库和长输管道的的工艺设计理论和方法，熟悉油品特性及其单相、多相管道流动理论；具有输、储专用设备的设计、选用和维修能力以及对现有油库、集输系统和长输管道的生产工艺进行分析、研究和技术改造的能力。
预防医学,预防医学以人群为研究对象，应用基础医学和临床医学理论以及预防医学的理论和方法，从群体的角度研究环境因素、宿主因素以及致病因子与人类疾病和健康的关系，是预防疾病发生、控制疾病发展以及促进健康的一门医学科学；本专业要求学生系统掌握基础医学、临床医学和预防医学的基本理论和技能，能灵活运用所学知识分析、解决预防医学与公共卫生领域的实际问题，具有进行卫生监督与管理、科学研究、信息和数据处理的能力，具备应对突发公共卫生事件的能力，能成为应用型、复合型的预防医学人才。
园艺教育,园艺教育专业是为了培养具有从事综合园艺的教学、生产、经营管理、技术开发与推广等工作的能力的人才而设立的专业。该专业培养具备生物学和园艺学的基本理论、基本知识和基本技能，能在农业、商贸、园林管理等领域和部门从事与园艺科学有关的技术与设计、推广与开发、经营与管理、教学和科研等工作的高级科学技术人才。
园艺,园艺专业是以生物学为基础研究果树、蔬菜、花卉的育种、栽培、生理等理论与技术的学科；本专业培养学生具备坚实的生物科学基础知识，掌握园艺植物生长发育的基本规律和系统基础理论，具有栽培管理、育种良繁、贮藏加工及园艺场所规划设计等本技能；毕业生主要面向科研、农业管理、高新技术产业及其相关部门，从事果树、蔬菜、花卉、设施园艺科学研究、技术推广、生产经营等工作。
植物保护,植物保护专业是以植物学、动物学、微生物学、农业生态学、信息科学为基础，研究有害生物的发生发展规律并提出综合治理技术的学科。本专业主要培养具备植物保护及相关学科的基本理论和基本技能，从事植物保护技术研究、农产品有机安全生产技术应用推广、农用化学品研发及营销、进出口植物的安全生产监控及植物产品的检疫或报检、植物有害生物疫情监测与控制、现代植物保护和植物检疫技术研究等方面工作的复合型、应用性专业人才；要求学生掌握农业科学、植物保护等方面的基础知识、基本理论和技能，具备病、虫、草等有害生物识别鉴定、监测防治及可持续控制等方面的知识和能力。
治安学,治安学是综合运用行政管理学、法学、社会学、侦查学、犯罪学、信息学等相关学科的理论与技术，研究社会治安现象及其演变规律，探讨治安管理、防控对策与公共安全危机管理的公安应用性学科。学生要熟悉掌握治安学专业的基础知识、基本理论与基本技能，具有较高的查处治安案件、侦办治安部门管辖刑事案件与管控公共安全危机事务的技能与水平，能够适应现代社会治安形势所需的、“打、防”知识兼备的治安管理工作。
蚕学,专业培养具有坚实的生物科学基础，具备蚕业生产与经营管理等方面的基本理论、基本知识和技能，能在蚕业及其相关部门从事蚕业生产、教学科研、技术开发、蚕业企业经营管理、茧丝绸商品贸易等工作的应用型、复合型高级专门人才。本专业学生主要学习生物科学和蚕业科学方面的基本理论和基本知识。学生将受到现代蚕业生产技术、资源开发利用及生物技术等方面的基本训练，具备现代蚕业及农业生产经营管理、科技推广等方面的基本能力。
财务会计教育,专业培养掌握现代理财理论和方法，具备经济、管理和法律等方面的相关知识和能力，能在中等和高等职业教育领域进行专业教学的专业化、技能化、双证书一体化职教师资和应用型高级专门人才。学生要求学习宏微观经济学、会计、税收、审计、筹资、投资等基本理论与专业知识，接受与会计、审计、税收、筹资、投资等相关的专业教学与基本能力训练，拥有必要的财务会计专业基础理论，掌握财务会计实务操作方法，掌握信息收集与处理的技术方法，具备必要的理论分析与业务创新能力，熟练掌握一门外语，熟练掌握计算机应用技术，获得与专业内容相关的职业资格证书。